Date,Close,Open,Low,High,Volume
2021-05-26,197.091,197.091,189.271,197.249,52327.249696763
2021-05-27,201.646,197.249,197.249,205.724,88434.148568257
2021-05-28,210.112,203.442,202.947,212.562,76949.443798681
2021-05-31,210.112,210.112,208.484,211.747,34491.420663431
2021-06-01,213.376,209.298,206.856,216.144,32500.617917173
2021-06-02,226.891,215.657,215.657,227.546,46638.59585283
2021-06-04,226.078,226.891,222.496,227.06,24770.289025121
2021-06-07,217.444,223.469,216.144,223.469,44695.273921645
2021-06-08,216.471,216.144,214.189,220.214,46640.856844024
2021-06-09,217.444,217.444,215.004,217.772,35932.802549563
2021-06-10,225.592,217.285,216.799,225.592,38000.478996413
2021-06-11,220.382,224.777,219.081,225.918,26594.908918624
2021-06-14,219.567,220.214,218.426,223.15,17579.20653282
2021-06-15,221.027,219.727,218.268,224.123,17609.729913938
2021-06-16,224.291,219.895,219.895,228.033,38727.387665262
2021-06-17,223.308,223.15,221.682,225.264,33782.599924133
2021-06-18,222.822,223.308,222.168,229.829,50022.16917455
2021-06-21,221.841,223.15,220.054,226.733,6281.0335367427
2021-06-22,225.75,222.982,219.895,226.246,15939.987917219
2021-06-23,230.5,227.785,221.682,233.216,22404.161740671
2021-06-24,220.496,229.315,220.496,231.014,9706.4351955495
2021-06-25,223.716,219.983,215.746,225.582,9076.7491480395
2021-06-28,222.699,218.798,217.949,224.565,7498.577294675
2021-06-29,216.259,222.194,213.88,223.044,39039.404450024
2021-06-30,213.031,216.595,209.475,217.276,27867.846960808
2021-07-01,214.225,215.914,212.014,216.259,12542.848648337
2021-07-02,225.582,215.41,214.561,228.635,48778.624017886
2021-07-05,226.432,222.867,221.849,228.129,7612.7573499686
2021-07-06,234.915,226.432,225.75,234.915,34672.299958946
2021-07-07,229.829,233.216,229.829,234.915,24961.342781008
2021-07-08,231.182,231.014,226.432,231.35,23400.128361598
2021-07-09,246.617,231.182,230.165,249.837,45974.994937412
2021-07-12,254.083,248.484,243.734,254.251,67166.134902537
2021-07-13,256.118,254.251,253.57,260.186,42113.221978174
2021-07-14,256.79,256.967,255.268,257.984,29399.668494696
2021-07-15,259.001,256.454,256.118,261.886,36213.165457609
2021-07-16,259.505,257.808,254.587,262.558,24099.90513612
2021-07-19,256.967,259.673,252.889,261.035,31660.659688628
2021-07-20,262.053,254.587,254.587,266.291,43613.389635349
2021-07-21,256.454,262.903,255.773,277.993,40290.863075865
2021-07-22,256.79,256.967,255.437,262.903,40667.318109655
2021-07-23,257.639,260.691,251.536,260.691,19652.535457657
2021-07-26,255.268,254.587,252.553,257.808,25502.850171954
2021-07-27,251.872,255.941,246.449,255.941,24101.035631716
2021-07-28,266.291,248.139,248.139,267.653,20248.306637257
2021-07-29,262.903,266.459,262.726,267.14,11020.071079224
2021-07-30,256.967,262.726,255.773,262.726,38572.509768478
2021-08-02,262.053,260.868,260.018,264.256,19228.599608793
2021-08-03,261.035,264.592,256.967,264.592,22211.977489187
2021-08-04,254.083,260.868,251.872,260.868,17694.517083711
2021-08-05,256.454,254.419,251.023,257.471,15622.318654472
2021-08-06,254.419,256.79,250.519,258.32,12415.102645879
2021-08-09,249.669,254.419,249.669,256.622,18362.639981517
2021-08-10,259.842,251.023,251.023,262.053,15594.056264549
2021-08-11,254.419,256.286,251.023,259.338,10928.50093587
2021-08-12,250.687,254.419,249.669,256.622,10324.81628709
2021-08-13,253.57,250.182,250.006,259.505,11421.397016147
2021-08-16,252.217,252.721,250.35,254.587,11856.637820979
2021-08-17,246.786,252.721,246.786,252.721,14775.577452345
2021-08-18,249.333,245.937,244.239,251.368,10197.070284633
2021-08-19,243.052,246.449,240.002,251.023,6266.3370939822
2021-08-20,244.239,245.087,241.532,245.937,2256.469211544
2021-08-23,243.397,243.397,242.036,245.087,2976.5949068113
2021-08-24,243.397,243.397,243.397,245.087,9362.7645340719
2021-08-25,244.239,243.397,243.397,245.937,15557.880405445
2021-08-26,243.397,244.239,243.397,245.255,8746.6444337255
2021-08-27,245.769,245.087,244.239,247.634,6932.1990005952
2021-08-30,246.786,245.769,243.397,248.484,17479.722920286
2021-08-31,268.838,243.397,243.221,276.127,115855.44976827
2021-09-01,267.14,271.377,263.071,275.455,39690.569913877
2021-09-02,257.984,268.67,257.808,269.173,20830.511869694
2021-09-03,260.018,259.338,259.001,264.768,9814.9627728583
2021-09-06,270.023,260.018,259.169,270.023,10429.952377608
2021-09-07,267.989,268.157,264.592,271.377,12939.652602872
2021-09-08,258.824,267.821,258.824,267.821,14445.472738031
2021-09-09,277.658,259.505,256.622,279.86,69571.829532881
2021-09-10,281.044,277.312,273.588,290.713,83455.445959219
2021-09-13,275.958,280.709,275.277,286.812,42626.466979198
2021-09-14,284.945,275.109,274.605,289.192,47526.034896447
2021-09-15,286.644,285.795,284.274,292.243,40310.081501015
2021-09-16,287.157,284.945,282.407,288.343,28779.026411962
2021-09-17,286.644,284.777,282.912,288.343,53912.204523709
2021-09-20,276.808,284.777,270.528,285.627,23366.213493688
2021-09-21,280.54,279.692,278.675,288.343,19871.851603467
2021-09-22,290.881,280.709,280.709,293.262,21076.959909833
2021-09-23,288.343,290.881,288.343,295.631,21799.346596294
2021-09-24,291.899,291.73,288.679,292.58,16006.68715744
2021-09-27,284.097,292.58,284.097,293.429,10190.287311051
2021-09-28,275.622,284.097,273.925,287.83,11394.26512182
2021-09-29,272.571,275.79,271.377,278.161,18685.961722249
2021-09-30,275.455,279.86,272.571,279.86,22745.571410955
2021-10-01,281.557,270.872,260.355,283.76,7964.341480625
2021-10-04,282.407,279.355,275.622,287.494,10111.152619263
2021-10-05,292.58,282.407,280.709,292.58,9086.9236084122
2021-10-06,294.278,291.562,284.097,294.959,53835.330823115
2021-10-07,284.274,294.447,281.213,295.977,21619.597796377
2021-10-08,278.161,287.494,276.808,289.864,26402.72466714
2021-10-11,279.86,278.161,277.312,286.476,37695.245185232
2021-10-12,276.639,285.459,275.622,285.459,29634.811578865
2021-10-13,282.407,276.472,276.472,284.61,30151.448066679
2021-10-14,279.01,284.097,275.622,284.097,10214.027718587
2021-10-15,279.01,276.808,275.79,280.372,10262.639029257
2021-10-18,276.295,276.639,273.925,278.161,16352.618810113
2021-10-19,279.178,276.295,276.295,284.274,26527.079182806
2021-10-20,283.425,279.86,279.86,286.644,14331.292682737
2021-10-21,282.575,283.76,282.239,289.192,14359.555072661
2021-10-22,284.442,286.644,283.08,288.343,8991.961978267
2021-10-25,287.494,283.257,282.575,293.092,22452.773051341
2021-10-26,289.864,289.36,287.157,290.881,12260.224749096
2021-10-27,276.295,289.696,272.907,289.696,35000.143682065
2021-10-28,289.192,277.312,276.808,289.192,13134.09784555
2021-10-29,282.063,287.494,281.557,291.73,15165.598433299
2021-11-02,289.864,282.239,282.239,292.243,10823.364845352
2021-11-03,295.464,286.812,286.644,295.809,55724.388965644
2021-11-04,329.05,296.826,296.826,333.12,99900.765408282
2021-11-05,329.387,326.503,321.249,333.287,23378.648945256
2021-11-08,319.886,326.839,310.899,326.839,36322.823530516
2021-11-09,318.02,323.955,315.649,323.955,15778.327046854
2021-11-10,312.933,317.851,309.882,317.851,21347.148357508
2021-11-12,309.033,308.183,306.662,320.903,27395.299801276
2021-11-15,300.214,309.545,300.214,318.868,12361.969352823
2021-11-16,302.761,299.029,299.029,305.645,16366.184757276
2021-11-17,290.041,302.761,288.51,302.761,15923.030483266
2021-11-18,283.593,289.696,279.86,293.262,34631.602117454
2021-11-19,279.01,279.86,274.26,282.239,23359.430520107
2021-11-22,279.86,277.312,271.89,284.097,24397.225478122
2021-11-23,279.86,276.639,274.092,283.929,21096.178334981
2021-11-24,274.092,279.01,268.325,279.86,33232.048568411
2021-11-25,274.773,271.377,271.377,280.027,38468.504173558
2021-11-26,283.593,273.075,270.023,293.262,55433.851597225
2021-11-29,291.73,286.812,273.756,291.73,46558.330665446
2021-11-30,285.795,292.411,281.213,292.411,27647.400319399
2021-12-01,303.266,288.343,288.343,304.451,37903.256375074
2021-12-02,308.528,301.063,295.464,311.412,26121.231263495
2021-12-03,301.231,308.696,297.161,313.783,27093.457476885
2021-12-06,288.343,295.631,281.213,295.977,52175.763286769
2021-12-07,308.696,285.795,285.627,309.545,49447.87741129
2021-12-08,304.451,308.528,299.71,309.033,22652.870772004
2021-12-09,298.684,304.451,296.826,304.451,4579.637663309
2021-12-10,301.063,294.782,289.36,311.235,34980.925256917
2021-12-13,301.063,300.382,299.71,308.352,27123.980858004
2021-12-14,301.063,301.063,295.631,308.352,27035.802201441
2021-12-15,302.248,301.912,301.063,304.628,24910.470479145
2021-12-16,301.231,302.079,301.231,307.847,22846.185519084
2021-12-17,291.73,301.399,290.209,306.662,61459.393129054
2021-12-20,288.343,289.864,281.726,293.942,30153.709057872
2021-12-21,292.58,288.343,288.343,300.727,27038.063192634
2021-12-22,290.041,292.58,289.192,298.684,27051.629139797
2021-12-23,296.826,291.73,290.881,301.063,33762.251003388
2021-12-27,288.343,293.597,288.343,299.877,38934.268359507
2021-12-28,275.622,287.83,275.622,294.959,55718.73648766
2021-12-29,269.687,274.092,269.687,280.877,118063.30766913
2021-12-30,277.312,262.903,258.656,281.557,188606.2329198
2022-01-03,272.571,275.622,271.04,278.338,43299.111859392
2022-01-04,284.274,273.075,273.075,288.51,70216.212023151
2022-01-05,286.476,286.644,282.743,290.881,43691.39383154
2022-01-07,277.993,286.476,271.553,286.644,49505.532686735
2022-01-10,273.925,279.86,269.173,281.213,49159.601034065
2022-01-11,281.557,277.312,272.739,285.962,58454.535832318
2022-01-12,288.343,283.257,282.063,294.447,45207.38842707
2022-01-13,288.343,290.041,284.274,292.075,28817.46326226
2022-01-14,290.041,290.545,282.575,293.429,47840.312672405
2022-01-17,290.545,290.041,287.157,292.58,7010.2031967858
2022-01-18,290.041,288.51,287.494,291.73,15613.274689697
2022-01-19,297.667,287.494,285.962,304.115,33540.673866382
2022-01-20,297.498,297.498,288.343,297.498,30211.364333318
2022-01-21,290.881,292.075,288.343,295.127,32094.769997863
2022-01-24,279.86,285.795,270.704,294.959,76182.967783937
2022-01-25,278.338,279.86,273.075,282.063,48308.337849547
2022-01-26,279.355,278.506,276.472,284.777,28656.93288749
2022-01-27,278.161,275.455,274.437,281.557,11916.554087619
2022-01-28,274.773,276.976,270.359,278.675,19921.593409733
2022-01-31,277.993,276.976,274.773,283.76,24086.339188956
2022-02-01,272.058,277.312,271.722,278.161,34590.904275964
2022-02-02,278.338,272.394,272.394,282.239,46521.024310746
2022-02-03,269.006,277.993,267.14,277.993,42122.265942951
2022-02-04,259.842,267.308,258.824,270.528,48969.677773773
2022-02-07,266.291,261.204,259.001,270.528,39600.130266119
2022-02-08,267.14,266.291,263.575,273.588,45120.340266104
2022-02-09,256.118,266.291,256.118,270.023,61918.374341422
2022-02-10,257.639,259.338,256.286,265.273,38127.094503273
2022-02-11,264.592,258.488,257.303,264.592,39453.165838513
2022-02-14,248.139,259.001,247.634,261.708,46766.341855287
2022-02-15,259.505,248.651,248.651,259.505,26805.181099659
2022-02-16,259.505,259.505,254.756,264.768,29720.729244235
2022-02-17,261.204,256.967,255.268,267.821,52415.428353326
2022-02-18,246.617,259.505,240.337,262.389,72305.367886344
2022-02-21,245.601,246.104,241.186,260.186,36312.649070143
2022-02-22,232.367,239.32,229.997,239.32,100610.71664318
2022-02-23,237.453,234.066,232.712,241.699,100980.38870339
2022-02-24,220.496,220.496,206.927,228.98,139351.67025561
2022-02-25,231.182,217.949,217.949,234.57,58028.338992262
2022-02-28,222.027,221.345,216.763,226.095,68604.125301878
2022-03-01,224.733,222.027,221.682,230.333,26646.911716085
2022-03-02,217.949,218.63,214.728,224.565,36536.487198341
2022-03-03,219.815,217.613,215.242,226.432,40224.163835646
2022-03-04,215.914,215.242,208.793,222.867,64616.86733138
2022-03-07,203.539,212.181,199.461,213.376,63584.72485135
2022-03-08,206.758,207.609,202.691,212.014,70473.965019259
2022-03-09,228.635,208.113,207.776,228.635,48168.156395525
2022-03-10,222.53,233.216,220.496,235.764,76955.096276665
2022-03-11,220.496,227.449,220.496,230.165,51850.180554843
2022-03-14,223.38,230.669,221.01,230.669,34022.26499069
2022-03-15,218.294,220.328,218.294,224.733,36251.602307907
2022-03-16,244.919,224.397,224.061,245.937,158364.34520537
2022-03-17,250.519,246.786,236.613,253.234,119201.71673529
2022-03-18,252.04,251.872,237.63,252.04,92055.125965339
2022-03-21,257.808,249.157,249.157,258.32,71101.390075576
2022-03-22,257.808,257.984,253.738,261.204,36227.86190037
2022-03-23,256.967,261.886,256.286,261.886,36094.463419928
2022-03-24,267.14,258.824,258.32,272.571,117545.54068572
2022-03-25,266.459,270.191,261.373,270.359,71751.425043831
2022-03-28,263.238,267.308,263.238,270.704,39303.940419714
2022-03-29,266.123,263.406,253.402,270.359,56071.451113914
2022-03-30,261.204,264.592,257.136,265.273,42225.141042275
2022-03-31,264.592,256.118,251.872,264.592,92974.218885673
2022-04-01,259.505,264.592,257.808,264.768,28867.205068526
2022-04-04,257.639,259.505,257.639,261.204,47909.272903819
2022-04-05,254.419,257.808,252.889,259.505,30971.057374479
2022-04-06,249.837,254.587,249.501,257.136,45711.589463318
2022-04-07,244.919,248.484,244.752,250.687,58220.523243746
2022-04-08,251.704,245.769,245.769,251.872,45616.627833173
2022-04-11,248.316,251.704,248.316,259.505,44196.725363384
2022-04-12,249.837,248.139,246.449,254.419,39550.388459853
2022-04-13,242.549,250.182,239.496,251.704,29503.674089617
2022-04-14,246.786,245.087,237.63,247.634,25736.862760527
2022-04-19,267.14,250.182,241.699,267.821,118180.87921122
2022-04-20,262.363,268.731,261.125,270.501,88657.986696457
2022-04-21,254.933,267.14,253.163,267.14,45555.581070936
2022-04-22,247.678,254.401,247.678,254.756,18039.318240786
2022-04-25,243.256,246.795,237.418,246.971,45421.052094898
2022-04-26,240.249,243.256,238.834,245.91,26717.002443096
2022-04-27,229.987,239.01,229.987,239.187,42424.108267341
2022-04-28,236.18,230.518,230.518,239.364,36176.989598508
2022-04-29,225.565,239.541,223.973,244.848,55682.560628558
2022-05-02,214.95,227.334,213.181,227.334,30274.672086747
2022-05-04,219.196,219.903,209.643,220.434,37770.988390229
2022-05-05,215.835,225.565,214.773,225.565,31653.876715047
2022-05-06,214.065,215.835,205.928,215.835,47826.746725241
2022-05-09,211.058,214.065,209.82,216.719,21628.641761152
2022-05-10,205.396,211.235,203.45,211.235,51877.31244917
2022-05-11,204.512,205.396,200.796,208.404,32643.060362392
2022-05-12,200.974,203.45,195.135,203.805,64396.42068997
2022-05-13,215.481,202.212,202.212,215.657,19027.371392534
2022-05-16,209.112,216.719,207.697,217.781,29876.737636616
2022-05-17,221.142,210.528,210.173,221.673,25368.321195916
2022-05-18,216.366,222.912,214.596,222.912,30470.247825023
2022-05-19,213.358,216.011,205.928,216.011,18476.820036812
2022-05-20,208.227,214.065,208.227,217.073,21583.421937273
2022-05-23,225.034,214.95,210.173,225.21,32776.458842834
2022-05-24,226.273,224.503,219.727,229.457,41312.831095524
2022-05-25,234.764,228.749,224.68,236.533,47882.141009493
2022-05-26,235.118,237.418,232.996,237.418,23462.305619432
2022-05-27,234.942,236.18,232.288,237.949,23569.702701143
2022-05-30,241.487,235.295,232.641,241.841,11027.984548403
2022-05-31,242.018,241.487,239.01,245.732,22457.295033729
2022-06-01,233.349,242.371,233.172,243.786,36964.945029593
2022-06-02,233.349,237.064,230.342,237.064,9308.5007454175
2022-06-03,230.165,234.41,229.81,237.949,7238.5633073729
2022-06-06,236.888,230.872,225.742,236.888,9259.889434748
2022-06-07,234.587,236.71,229.987,236.71,9261.0199303449
2022-06-08,229.28,230.872,227.334,231.58,34161.315949118
2022-06-09,223.088,226.449,223.088,231.58,11330.95736839
2022-06-10,216.719,223.088,214.596,223.088,11479.052291592
2022-06-13,211.412,212.296,208.582,214.596,28060.031212291
2022-06-14,210.35,214.065,208.935,214.065,19386.868992369
2022-06-15,204.866,208.758,202.035,211.235,24601.845181172
2022-06-17,202.39,202.742,199.912,206.281,37579.934634341
2022-06-20,208.758,201.681,200.796,210.173,16738.117808678
2022-06-21,212.296,209.643,206.989,214.065,12614.069870946
2022-06-22,210.528,213.004,205.22,213.004,16480.36481257
2022-06-23,206.104,212.296,206.104,213.888,15617.796672085
2022-06-24,216.719,206.104,206.104,217.957,21273.666143705
2022-06-27,219.727,220.258,216.542,222.912,25336.667319201
2022-06-28,215.835,219.372,214.242,220.965,23287.078801901
2022-06-29,217.25,216.719,214.065,218.312,18319.681148834
2022-06-30,211.766,217.25,207.342,217.25,23377.518449658
2022-07-01,211.589,214.773,209.82,215.304,4445.1086872701
2022-07-04,212.296,211.589,206.458,212.296,8747.7749293225
2022-07-05,214.065,207.874,207.342,216.189,17271.711730446
2022-07-06,211.942,216.719,210.528,216.719,11725.50033173
2022-07-07,225.21,214.065,214.065,225.21,19815.32682362
2022-07-08,229.28,225.565,220.258,230.165,14002.31846402
2022-07-11,228.926,229.103,225.565,230.342,37804.903258139
2022-07-12,217.603,227.334,215.481,227.864,26997.365351144
2022-07-13,208.935,221.142,205.751,221.142,20960.518863345
2022-07-14,207.519,209.643,206.281,214.95,25266.576592189
2022-07-15,212.296,207.519,206.635,213.004,7378.7447613967
2022-07-18,219.372,216.719,214.065,219.372,9682.6947880132
2022-07-19,222.38,219.903,215.835,225.21,18659.96032352
2022-07-20,226.449,222.027,221.673,226.98,11264.258128169
2022-07-21,225.565,223.973,220.258,228.219,24160.951898356
2022-07-22,236.18,228.219,225.565,236.888,65008.018807929
2022-07-25,235.472,236.18,230.518,241.487,93204.839987453
2022-07-26,230.342,234.41,227.334,238.479,11614.711763228
2022-07-27,225.565,233.172,221.142,233.526,25733.471273735
2022-07-28,228.041,228.219,224.503,229.635,9567.3842371227
2022-07-29,234.587,228.926,226.626,236.003,9517.6424308562
2022-08-01,227.864,237.064,227.864,238.479,6671.054517696
2022-08-02,222.912,225.742,220.788,228.749,15637.015097232
2022-08-03,228.572,222.912,222.734,229.457,11031.376035194
2022-08-04,228.572,229.103,228.041,234.41,7228.3888470002
2022-08-05,233.349,229.987,229.987,234.41,7494.0553122871
2022-08-08,235.295,234.41,231.756,238.126,4653.1198771118
2022-08-09,228.926,237.418,228.395,237.595,5054.4458140347
2022-08-10,229.81,226.449,224.68,234.942,11074.334867878
2022-08-11,246.441,230.165,230.165,249.979,17486.50589387
2022-08-12,248.741,246.617,243.256,252.103,10896.847059155
2022-08-16,259.178,252.103,248.21,262.186,24658.369961021
2022-08-17,251.04,260.77,249.448,260.77,22040.142158448
2022-08-18,255.286,252.809,250.333,255.994,6937.8514785799
2022-08-19,249.448,256.348,244.495,256.348,8454.9765697083
2022-08-22,245.91,248.563,241.133,248.563,5991.6266639195
2022-08-23,248.917,248.563,245.91,253.163,5590.3007269965
2022-08-24,249.448,249.448,244.141,254.224,10739.708171176
2022-08-25,257.764,254.049,251.394,260.24,15183.68636285
2022-08-26,260.062,258.294,256.702,260.947,9576.4282018984
2022-08-29,256.348,258.471,252.103,258.471,14409.296878928
2022-08-30,260.947,258.116,254.933,266.432,44860.326278802
2022-08-31,267.493,260.594,260.24,267.848,24368.963088198
2022-09-01,254.756,266.432,252.987,266.609,20424.663950383
2022-09-02,249.979,254.756,246.087,260.947,20101.342209651
2022-09-05,254.933,249.979,245.025,256.348,4953.8317059048
2022-09-06,244.672,256.702,243.61,257.055,4081.089105047
2022-09-07,245.025,245.025,242.726,252.103,10819.973358561
2022-09-08,238.834,247.678,238.834,250.156,40970.290929643
2022-09-09,239.895,240.603,235.472,254.224,28658.063383086
2022-09-12,237.595,242.726,232.818,242.726,14395.730931764
2022-09-13,229.987,237.949,226.804,237.949,17405.110210887
2022-09-14,225.565,229.81,219.55,230.518,16648.808656517
2022-09-15,223.264,225.565,223.088,225.565,13049.310675778
2022-09-16,216.719,225.21,211.058,225.21,68040.007998991
2022-09-19,214.773,216.719,211.058,217.603,19415.131382293
2022-09-20,210.528,215.835,207.874,215.835,16807.078040093
2022-09-21,212.65,211.058,206.281,214.596,17444.677556782
2022-09-22,219.727,212.296,209.643,224.68,17955.66156661
2022-09-23,211.589,221.142,208.05,221.142,18493.777470766
2022-09-26,211.058,211.412,203.45,213.711,19051.111800069
2022-09-27,207.166,209.643,204.512,215.304,18993.456524625
2022-09-28,203.805,206.989,199.912,206.989,26632.215273324
2022-09-29,201.504,204.512,198.32,208.582,12594.851445797
2022-09-30,208.758,202.035,198.143,208.758,14676.093839812
2022-10-03,212.119,207.874,200.266,212.119,18135.410366527
2022-10-04,215.127,212.119,206.104,218.488,14031.711349541
2022-10-05,212.65,215.835,211.412,216.542,10878.759129603
2022-10-06,218.312,214.065,214.065,218.312,11976.470354257
2022-10-07,216.719,218.488,214.242,219.019,6742.2757403049
2022-10-10,214.596,216.189,209.465,216.189,9908.7939074064
2022-10-11,221.142,215.481,214.42,223.973,30647.735633746
2022-10-12,222.912,219.019,217.957,225.565,27246.074382476
2022-10-13,226.449,224.327,219.196,226.98,24960.212285411
2022-10-14,229.81,228.219,226.449,233.88,8745.5139381285
2022-10-17,229.28,232.288,226.98,233.526,11510.706168306
2022-10-18,232.288,229.28,228.219,233.172,11256.344658989
2022-10-19,222.027,233.526,221.318,233.526,14020.406393571
2022-10-20,242.902,224.68,219.55,245.38,34783.088527449
2022-10-21,235.472,245.025,230.165,245.025,35845.754388596
2022-10-24,240.603,238.834,238.834,246.795,23800.323802923
2022-10-25,237.949,243.256,237.064,243.256,18182.8911816
2022-10-26,240.071,241.487,237.595,242.371,12738.424386612
2022-10-27,237.949,241.133,233.526,242.018,30327.805379805
2022-10-28,242.549,237.949,234.942,248.387,27781.929295438
2022-10-31,246.263,243.61,240.071,247.678,13829.352637684
2022-11-02,242.371,246.795,240.956,249.094,36163.423651343
2022-11-03,232.996,242.371,230.695,242.371,38529.550935793
2022-11-04,221.142,234.764,221.142,237.772,220208.1068374
2022-11-07,235.826,222.912,222.912,237.418,113723.33507239
2022-11-08,240.249,235.826,229.81,242.371,35034.058549974
2022-11-09,247.678,239.718,237.949,254.756,72719.129274834
2022-11-10,245.732,248.563,239.541,251.218,50888.128801824
2022-11-14,251.04,246.971,245.91,255.817,50214.353426033
2022-11-15,253.517,251.04,248.21,256.525,37669.243786503
2022-11-16,256.17,252.633,245.91,256.525,22397.378767089
2022-11-17,248.917,256.525,246.795,256.525,32153.555768905
2022-11-18,250.863,248.563,244.672,254.401,21873.959305694
2022-11-21,245.202,252.633,245.202,252.633,19737.322627428
2022-11-22,249.272,245.91,244.672,252.987,25705.208883812
2022-11-23,249.272,251.04,246.971,251.218,35780.185643972
2022-11-24,252.103,251.394,247.502,253.694,7255.5207413274
2022-11-25,258.471,253.871,249.802,260.24,21946.3110239
2022-11-28,260.594,258.471,256.525,261.832,21463.589403995
2022-11-29,259.178,261.655,257.764,261.832,26550.819590341
2022-11-30,263.778,260.062,258.116,266.963,34636.124099843
2022-12-01,261.125,264.486,256.525,265.194,40541.833098392
2022-12-02,263.601,259.001,258.471,269.616,76152.444402819
2022-12-05,259.532,260.594,257.586,266.785,15996.512697068
2022-12-06,254.049,260.062,253.163,262.009,17401.718724097
2022-12-07,251.04,258.116,248.563,258.116,24746.548617584
2022-12-08,249.094,253.517,247.856,253.694,14876.191560474
2022-12-09,247.326,248.741,245.202,251.04,13040.266711002
2022-12-12,243.964,249.448,242.726,249.448,15999.904183859
2022-12-13,257.586,247.148,242.195,259.178,34322.976819483
2022-12-14,257.232,257.586,255.817,259.178,13882.485930742
2022-12-15,256.702,257.94,255.64,258.648,26359.765834454
2022-12-16,251.04,252.987,248.563,259.001,76068.787728644
2022-12-19,251.571,251.748,250.333,255.286,13909.617825069
2022-12-20,251.571,250.156,248.033,254.933,17751.041863558
2022-12-21,256.348,252.103,251.748,256.348,4212.2265942951
2022-12-22,263.071,254.933,254.933,266.432,22807.748668788
2022-12-23,268.024,263.601,261.832,269.616,15461.788279703
2022-12-27,269.262,269.794,266.255,269.97,7459.0099487812
2022-12-28,266.609,269.086,265.017,269.086,11836.288900234
2022-12-29,274.039,268.024,264.486,275.808,35093.974816613
2022-12-30,274.216,274.57,272.624,280.762,18317.420157638
2023-01-02,275.808,276.87,274.57,279.347,5825.4438111655
2023-01-03,278.638,281.293,274.57,281.293,21552.898556156
2023-01-04,281.823,281.293,278.993,282.354,18536.73630345
2023-01-05,282.885,282.178,280.054,288.723,62758.332569967
2023-01-09,291.907,283.062,283.062,293.5,68470.726821436
2023-01-10,295.799,289.785,284.831,296.154,50048.170573279
2023-01-11,290.846,295.445,289.431,297.215,57441.611777437
2023-01-12,291.022,292.084,289.431,294.915,43944.62484526
2023-01-13,286.246,290.316,285.184,291.022,22033.359184866
2023-01-16,286.954,286.246,282.178,287.485,25238.314202265
2023-01-17,283.593,287.662,283.593,288.546,27282.250241579
2023-01-18,288.369,284.654,282.53,292.969,74395.654245135
2023-01-19,297.215,287.838,283.769,300.222,52930.934345542
2023-01-20,295.445,297.215,293.676,297.215,41589.80251678
2023-01-23,298.984,296.33,295.622,304.115,28493.01102593
2023-01-24,297.215,298.984,296.154,303.761,26313.415514979
2023-01-25,297.215,302.345,293.676,302.522,16661.244108085
2023-01-26,306.944,300.754,295.799,309.423,47140.535897882
2023-01-27,306.944,306.768,305.529,310.66,32369.480427926
2023-01-30,305.176,304.646,302.522,306.414,54565.630978755
2023-01-31,311.014,302.7,301.106,311.014,86219.507693801
2023-02-01,306.592,310.483,305.529,314.375,75834.775140072
2023-02-02,311.368,308.714,307.652,315.791,55867.961906459
2023-02-03,312.783,314.022,308.891,316.144,34500.464628207
2023-02-06,302.522,313.137,301.992,315.26,25923.394534026
2023-02-07,300.399,301.284,293.323,301.637,40954.463991285
2023-02-08,299.869,302.168,295.622,303.407,24043.380356272
2023-02-09,304.468,298.984,298.984,309.953,26788.223665704
2023-02-10,288.369,306.944,287.838,306.944,32636.277388809
2023-02-13,295.799,290.846,284.831,300.399,34361.41366978
2023-02-14,286.246,296.33,283.946,301.637,26524.818191612
2023-02-15,297.745,288.723,286.246,298.453,20113.777661218
2023-02-16,294.03,297.745,289.608,297.745,25058.565402347
2023-02-17,301.992,294.561,291.907,302.7,17772.521279902
2023-02-20,295.092,302.522,293.5,302.522,16325.486915785
2023-02-21,295.092,298.807,289.431,298.807,19508.962516841
2023-02-22,288.369,297.923,285.716,297.923,19849.241691528
2023-02-23,294.915,290.669,285.892,294.915,19740.714114219
2023-02-24,291.907,294.561,287.662,295.269,13864.39800119
2023-02-27,292.262,294.561,289.076,294.561,7461.2709399752
2023-02-28,292.615,290.138,288.369,297.569,22746.701906552
2023-03-01,292.438,293.676,290.846,295.799,12225.17938559
2023-03-02,288.546,292.438,284.3,292.438,27242.682895685
2023-03-03,289.785,290.138,287.662,294.03,16584.37040749
2023-03-06,298.1,292.792,290.492,301.284,21080.351396624
2023-03-07,298.275,299.869,298.1,306.061,19005.89197619
2023-03-08,302.522,298.984,296.33,304.822,16239.569250416
2023-03-09,293.676,303.407,293.323,303.407,16497.322246524
2023-03-10,290.138,290.138,287.485,297.038,22119.276850235
2023-03-13,276.692,290.138,271.916,290.492,60871.535418631
2023-03-14,274.039,279.523,272.624,279.523,21268.01366572
2023-03-15,264.486,274.216,260.062,274.216,29498.021611632
2023-03-16,263.248,265.724,253.163,266.963,30610.429279047
2023-03-17,265.017,263.601,258.294,275.101,91835.809819528
2023-03-20,266.609,262.716,253.517,267.316,43161.191396562
2023-03-21,269.97,268.909,266.078,272.624,25025.781030035
2023-03-22,267.14,270.678,264.662,270.678,12465.974947744
2023-03-23,269.794,271.74,260.947,271.74,30137.882119515
2023-03-24,263.424,268.201,257.232,270.678,42860.479567769
2023-03-27,267.493,259.178,259.178,268.024,15517.182563954
2023-03-28,268.731,270.678,267.493,275.101,27449.56358993
2023-03-29,268.731,271.562,265.547,273.331,34629.34112626
2023-03-30,272.801,268.731,267.14,273.686,20594.238289929
2023-03-31,272.624,274.216,271.562,277.754,25964.092375517
2023-04-03,277.754,274.216,274.216,279.7,21208.097399081
2023-04-04,283.769,283.062,281.823,290.846,28424.050794515
2023-04-05,285.361,283.769,283.062,291.2,34194.100321429
2023-04-06,288.369,288.369,285.184,289.961,10374.558093356
2023-04-11,301.284,291.907,289.785,301.637,37991.435031637
2023-04-12,309.068,303.052,298.1,312.253,40115.636258337
2023-04-13,314.022,307.652,306.768,315.791,21732.647356073
2023-04-14,313.845,314.022,309.775,318.09,23949.549221724
2023-04-17,323.575,315.614,315.436,326.229,34793.262987821
2023-04-18,330.121,323.575,321.452,336.49,28171.950276391
2023-04-19,329.59,329.767,321.983,333.482,29538.719453123
2023-04-20,339.85,329.412,326.051,343.743,39544.735981868
2023-04-21,340.028,337.02,332.597,341.443,28122.208470124
2023-04-24,343.389,340.205,335.605,344.805,32118.5104054
2023-04-25,344.097,341.796,339.674,349.582,58252.177120461
2023-04-26,346.751,344.982,341.443,349.404,38951.225793462
2023-04-27,343.566,336.136,324.283,344.982,57474.396149748
2023-04-28,331.89,343.036,330.297,343.92,46311.882625307
2023-05-02,332.243,327.29,327.29,344.805,30446.507417486
2023-05-04,323.752,331.713,323.752,338.082,33617.547566976
2023-05-05,326.229,322.69,320.391,330.297,16724.551861515
2023-05-08,334.367,332.597,326.229,336.136,29165.655906124
2023-05-09,335.605,334.367,330.475,338.082,30951.83894933
2023-05-10,342.151,335.251,334.012,343.92,41269.872262838
2023-05-11,331.182,342.859,330.475,342.859,46831.910599911
2023-05-12,333.837,328.175,328.175,338.082,17328.236510294
2023-05-15,329.944,336.313,328.705,337.197,7687.3700593683
2023-05-16,328.529,327.466,326.759,334.897,12329.18498051
2023-05-17,322.867,329.944,321.983,329.944,13924.314267829
2023-05-18,333.837,328.882,327.644,337.552,16959.694945683
2023-05-19,336.313,337.02,330.828,338.436,39438.469395754
2023-05-22,331.713,336.313,330.651,339.143,69910.978211971
2023-05-23,345.69,334.367,332.421,347.636,38930.876872716
2023-05-24,337.374,341.62,334.897,346.751,15181.425371655
2023-05-25,330.121,338.436,330.121,339.498,20175.954919051
2023-05-26,340.558,332.243,331.713,341.443,18264.286864582
2023-05-29,337.552,344.982,335.605,344.982,3334.9620110495
2023-05-30,333.305,336.313,330.651,341.796,8028.779729652
2023-05-31,327.29,327.998,327.29,335.783,49091.771298246
2023-06-01,337.904,325.875,325.875,339.85,13155.577261893
2023-06-02,342.329,343.212,337.552,343.212,12392.492733941
2023-06-05,346.396,343.743,341.266,352.589,30992.536790822
2023-06-06,353.827,340.558,340.558,356.127,33966.870706438
2023-06-07,350.82,354.535,348.166,358.25,25680.337980678
2023-06-09,340.382,353.827,340.382,354.711,22089.883964714
2023-06-12,340.028,340.205,338.789,349.582,30865.921283961
2023-06-13,337.374,341.62,334.012,348.874,42499.851472337
2023-06-14,340.028,340.558,332.421,346.751,60688.395131923
2023-06-15,338.436,345.69,334.367,345.69,94919.801808051
2023-06-16,341.443,338.259,336.843,343.92,122888.26287698
2023-06-19,338.436,341.443,337.374,345.69,12523.630223189
2023-06-20,339.498,338.436,336.136,340.913,16947.259494117
2023-06-21,333.659,339.674,333.128,339.674,21938.397554721
2023-06-22,335.074,336.136,329.944,338.789,31151.936669993
2023-06-23,335.605,332.597,332.243,338.789,20385.09660449
2023-06-26,334.012,336.136,329.767,337.02,17896.875795569
2023-06-27,331.182,334.543,328.175,339.85,14425.123817285
2023-06-28,337.552,337.02,329.236,338.613,16166.087036613
2023-06-29,356.127,338.436,337.02,356.658,54710.334415167
2023-06-30,360.903,358.25,356.304,363.381,26710.219469515
2023-07-03,367.98,364.442,357.896,369.573,50874.56285466
2023-07-04,364.619,367.98,364.442,370.28,33620.939053767
2023-07-05,355.596,364.442,354.711,364.442,18757.182944858
2023-07-06,362.85,355.065,349.582,366.565,20784.161550219
2023-07-07,361.966,356.481,355.95,364.797,16352.618810113
2023-07-10,367.45,358.426,358.426,371.518,16372.967730858
2023-07-11,366.211,374.526,365.503,375.942,29485.586160065
2023-07-12,368.688,367.803,361.966,371.165,25615.899731651
2023-07-13,372.05,371.165,364.088,375.765,34896.138087145
2023-07-14,380.542,374.172,373.641,388.148,36666.494191993
2023-07-17,385.671,380.542,379.834,392.925,37642.111892175
2023-07-18,396.109,385.849,383.371,399.824,95748.455080627
2023-07-19,393.278,399.117,390.625,404.956,102306.46003863
2023-07-20,390.448,391.332,388.148,398.763,28574.40670891
2023-07-21,390.625,392.571,387.087,394.34,14999.415580545
2023-07-24,398.586,394.517,391.864,401.77,19316.778265357
2023-07-25,394.163,398.763,391.157,401.594,21191.139965127
2023-07-26,388.326,395.402,387.264,396.64,16982.304857621
2023-07-27,394.163,388.326,388.326,398.41,14020.406393571
2023-07-28,388.856,393.456,385.849,393.456,15495.703147612
2023-07-31,386.732,389.211,381.956,391.509,38449.285748409
2023-08-01,385.671,386.38,383.903,389.211,12433.190575432
2023-08-02,372.756,381.425,369.749,381.425,27257.379338446
2023-08-03,375.057,369.396,368.688,375.41,14988.110624575
2023-08-04,375.942,375.942,368.864,378.241,14277.028894083
2023-08-07,370.457,375.942,367.45,377.888,15317.084843291
2023-08-08,370.28,370.634,363.912,370.634,18054.014683546
2023-08-09,367.98,372.403,366.388,377.711,26763.352762572
2023-08-10,364.619,367.98,363.734,379.834,65038.542189048
2023-08-11,379.834,366.211,359.311,387.971,86736.144181615
2023-08-14,365.68,379.479,365.149,379.479,49352.915781145
2023-08-16,370.634,366.211,363.557,373.288,56658.178328739
2023-08-17,363.381,372.403,361.257,373.818,51505.379397768
2023-08-18,365.149,364.972,360.55,366.743,22131.712301802
2023-08-21,359.135,365.149,356.481,368.157,33024.037378569
2023-08-22,355.95,361.611,354.889,365.327,31391.60173655
2023-08-23,359.135,359.135,353.65,361.966,23145.766852281
2023-08-24,349.05,364.442,347.458,366.918,29270.791996642
2023-08-25,353.296,346.928,343.389,357.719,17297.713129176
2023-08-28,350.643,360.903,344.805,360.903,16923.51908658
2023-08-29,349.05,350.466,348.343,355.596,20274.308035988
2023-08-30,356.304,349.227,349.227,358.25,11698.368437404
2023-08-31,353.827,359.842,353.827,361.081,60698.569592295
2023-09-01,363.734,353.827,350.82,366.211,36516.138277597
2023-09-04,358.25,366.918,357.542,366.918,11223.560286678
2023-09-05,347.812,358.25,347.812,359.311,22482.165936862
2023-09-06,356.825,351.49,340.455,360.871,63058.694786657
2023-09-07,358.848,356.825,352.043,360.503,49204.528172697
2023-09-08,370.251,359.216,357.193,370.987,41450.500849554
2023-09-11,375.217,372.091,372.091,378.713,61048.149769059
2023-09-12,381.655,377.977,375.217,384.782,36538.855720031
2023-09-13,383.311,384.966,379.08,384.966,49350.235599607
2023-09-14,382.759,383.494,376.873,385.334,41466.811382417
2023-09-15,382.023,382.575,379.264,388.277,88756.48299698
2023-09-18,368.596,379.815,366.205,382.575,14396.763673875
2023-09-19,371.723,386.07,367.493,386.07,27173.34775001
2023-09-20,392.875,375.217,372.642,393.611,64154.762595061
2023-09-21,390.3,383.494,383.494,394.53,34082.489470841
2023-09-22,389.932,387.173,382.759,393.611,15571.122040022
2023-09-25,389.564,389.932,384.047,393.979,22132.305726439
2023-09-26,388.092,389.013,382.943,392.691,18787.559120635
2023-09-27,374.298,383.126,374.298,389.013,16965.128915392
2023-09-28,378.713,373.378,370.436,381.471,21023.189491744
2023-09-29,380.736,375.217,375.217,384.782,26278.443180252
2023-10-02,378.345,383.494,371.907,383.494,26698.167559263
2023-10-03,374.666,374.666,368.78,378.345,42316.046460159
2023-10-04,378.713,370.251,367.676,384.047,28186.77552524
2023-10-05,368.044,379.08,368.044,383.126,20726.337793635
2023-10-06,373.93,368.964,368.964,376.138,8963.1814927303
2023-10-09,380.551,373.93,368.78,383.126,38379.771195852
2023-10-10,383.679,382.391,381.655,388.277,55096.980011724
2023-10-11,414.211,383.126,383.126,414.578,67892.049358438
2023-10-12,416.418,416.418,410.716,422.672,50797.523548997
2023-10-13,424.327,414.578,410.716,427.454,46922.140940712
2023-10-16,424.327,427.638,412.372,434.075,56318.095238745
2023-10-17,437.754,423.408,423.408,441.249,54107.47435136
2023-10-18,437.202,434.995,431.317,441.249,25262.840667306
2023-10-19,432.972,436.834,429.477,436.834,19087.672925317
2023-10-20,420.832,431.868,417.889,431.868,21684.30975713
2023-10-23,422.672,423.04,419.729,425.798,12862.486215881
2023-10-24,419.545,424.879,417.706,431.132,22582.476433462
2023-10-25,429.845,417.706,414.027,431.5,33749.754600433
2023-10-26,433.892,428.006,421.2,436.65,34206.449520601
2023-10-27,423.223,429.477,419.545,437.202,21990.947774958
2023-10-30,427.822,426.534,419.729,433.707,26898.243429051
2023-10-31,428.006,428.006,423.223,434.995,31258.5925478
2023-11-02,431.317,434.075,427.086,438.122,27921.457524
2023-11-03,432.236,432.604,425.983,436.65,29551.423441457
2023-11-06,434.628,432.236,430.949,439.594,34809.939236537
2023-11-07,432.236,431.684,423.04,433.339,28261.803976411
2023-11-08,425.43,432.42,424.879,432.972,27571.32475187
2023-11-09,428.374,432.236,423.408,432.236,40533.848902646
2023-11-10,423.223,428.374,417.338,430.396,28735.8967983
2023-11-13,409.244,423.223,408.325,424.879,24541.915114755
2023-11-14,423.04,409.244,405.567,423.775,37587.079298703
2023-11-15,420.281,425.43,417.706,430.581,26006.600965866
2023-11-16,424.143,418.442,418.257,427.086,27145.076159714
2023-11-17,421.017,424.695,419.729,424.695,8722.8729752132
2023-11-20,426.719,419.361,419.361,430.028,18727.75383347
2023-11-21,421.752,424.143,418.993,427.638,16052.826443913
2023-11-22,425.615,420.097,420.097,427.638,10610.545311909
2023-11-23,421.2,425.798,415.866,425.798,12762.448280987
2023-11-24,414.395,422.672,412.923,422.672,12367.733385699
2023-11-27,414.763,414.211,408.509,418.809,8737.0087703612
2023-11-28,417.889,411.82,410.9,418.442,24293.995015234
2023-11-29,426.166,417.889,417.889,429.477,26192.541040506
2023-11-30,420.097,421.2,413.291,426.719,36605.185220341
2023-12-01,425.063,423.04,419.545,429.845,46022.886895524
2023-12-04,426.902,426.534,421.568,429.293,34382.603275522
2023-12-05,427.454,427.638,423.223,433.707,56514.909001961
2023-12-06,432.052,427.454,427.086,433.707,34157.517922011
2023-12-07,428.006,430.213,423.04,432.052,22263.877358201
2023-12-08,429.845,432.42,424.511,432.42,16900.974152797
2023-12-11,429.477,429.845,426.351,436.098,25187.812216136
2023-12-12,429.109,432.788,425.983,434.995,24416.867696137
2023-12-13,435.363,429.477,427.27,436.834,77467.419517965
2023-12-14,433.339,436.834,429.845,437.754,51252.043731451
2023-12-15,441.433,432.604,431.5,452.652,130423.37024918
2023-12-18,430.396,438.673,429.293,446.031,32679.78364461
2023-12-19,443.639,432.788,432.788,448.79,52648.225344537
2023-12-20,440.881,444.927,437.386,448.79,31974.081256063
2023-12-21,441.801,441.433,437.938,447.318,28679.353617707
2023-12-22,442.352,441.433,437.018,442.352,18534.202176827
2023-12-27,444.192,443.088,439.226,445.479,26421.975869447
2023-12-28,442.352,446.767,438.49,448.238,21365.71068187
2023-12-29,438.673,438.122,432.788,444.007,20657.83355561
2024-01-02,420.649,441.433,420.281,442.904,30981.313489126
2024-01-03,432.052,422.304,418.074,433.524,40392.490951165
2024-01-04,427.454,430.581,418.442,431.317,29482.919203432
2024-01-05,425.43,424.879,416.786,428.19,33107.119605624
2024-01-08,428.006,423.959,416.234,430.764,36050.627102994
2024-01-09,432.052,428.557,426.166,432.236,22010.520414393
2024-01-10,407.773,430.764,407.405,434.995,49940.676889254
2024-01-11,405.567,408.325,401.703,414.211,44197.194583709
2024-01-12,417.153,404.831,404.646,421.752,39411.68424166
2024-01-15,417.706,419.361,413.108,422.119,14220.609918953
2024-01-16,415.682,417.521,410.533,417.521,11517.410939099
2024-01-17,414.027,415.682,409.612,418.625,36985.764320481
2024-01-18,420.464,417.706,410.533,422.855,49972.210586122
2024-01-19,401.335,423.04,401.335,426.719,49071.869172076
2024-01-22,415.866,405.567,405.567,416.786,22479.176391995
2024-01-23,408.325,418.257,402.991,418.257,35879.91019236
2024-01-24,422.119,407.405,405.382,423.959,52341.587326709
2024-01-25,410.716,421.2,410.716,421.568,65955.445423152
2024-01-26,417.153,409.244,405.014,418.625,16380.124470034
2024-01-29,411.636,417.153,411.268,418.442,10094.045104575
2024-01-30,409.429,411.636,404.278,413.659,30074.447861936
2024-01-31,418.074,410.9,408.877,418.809,52324.189424989
2024-02-01,415.131,415.682,412.923,420.832,40320.724606567
2024-02-02,417.889,419.913,416.234,421.752,37341.333936898
2024-02-05,409.061,418.442,407.773,423.408,22000.734094676
2024-02-06,413.476,408.509,407.589,418.442,23018.511345336
2024-02-07,417.889,414.027,414.027,421.2,17899.178764022
2024-02-08,416.05,418.074,414.395,422.119,22461.778490274
2024-02-09,401.888,414.763,400.416,414.763,33595.348222661
2024-02-12,411.636,401.888,401.888,413.843,31361.892589266
2024-02-13,399.68,409.429,392.691,412.372,49503.554608521
2024-02-14,404.646,396.369,393.979,406.854,34840.385564548
2024-02-15,404.095,404.278,400.967,406.302,28969.681102671
2024-02-16,403.359,404.095,403.359,407.957,26915.641330772
2024-02-19,404.278,404.646,402.439,404.831,39820.534932097
2024-02-20,409.244,402.807,402.807,410.9,67124.366945012
2024-02-21,406.486,409.244,404.095,412.004,47481.04853349
2024-02-22,407.405,411.636,404.278,417.338,88644.484004653
2024-02-23,416.234,417.521,405.934,426.166,100329.34974782
2024-02-26,411.084,417.521,410.533,422.855,37533.798224684
2024-02-27,414.395,418.257,407.773,421.2,93777.952381116
2024-02-28,386.07,413.476,384.598,417.153,131434.6232867
2024-02-29,386.621,387.357,385.518,396.369,69164.270921763
2024-03-01,390.852,389.932,384.782,392.691,28915.312659794
2024-03-04,386.805,391.403,386.621,394.53,18545.075865402
2024-03-05,389.381,386.805,384.782,395.45,25186.724847278
2024-03-06,388.46,391.22,381.839,393.611,34765.357113377
2024-03-07,389.932,388.46,382.759,396.369,33435.505000602
2024-03-08,397.105,390.852,387.173,398.577,61285.196180004
2024-03-11,389.013,395.818,388.092,395.818,17468.580696435
2024-03-12,402.071,389.013,389.013,404.463,43090.25308673
2024-03-13,402.991,403.543,398.209,407.038,30430.017478352
2024-03-14,400.416,405.567,395.45,407.222,40313.113024564
2024-03-15,405.934,400.967,389.196,413.843,158835.23112794
2024-03-18,389.748,405.567,389.196,406.118,33137.565933635
2024-03-19,390.852,389.748,379.815,392.875,39488.887430546
2024-03-20,385.334,393.426,382.759,393.426,26343.685311704
2024-03-21,401.703,393.611,386.989,403.727,51726.13655334
2024-03-22,400.048,396.186,395.634,407.222,30848.654488506
2024-03-25,400.048,400.232,398.393,406.118,29213.251726761
2024-03-26,410.9,402.256,399.312,412.74,39437.781094241
2024-03-27,415.131,412.74,410.165,415.682,30276.698469439
2024-03-28,407.405,413.843,407.222,415.682,27909.496466567
2024-04-02,404.646,409.98,399.497,415.314,66267.520285267
2024-04-03,389.013,399.129,388.46,400.967,73558.328475096
2024-04-04,413.843,391.22,388.828,415.498,65332.38306778
2024-04-05,417.889,409.429,404.646,424.695,56106.058311525
2024-04-08,415.682,417.153,414.211,422.119,20004.324872226
2024-04-09,417.338,417.889,413.291,427.638,34840.385564548
2024-04-10,419.729,417.521,415.314,426.351,25290.024888745
2024-04-11,420.649,417.153,416.05,426.166,24428.82875357
2024-04-12,415.498,420.649,413.659,430.396,39562.828512859
2024-04-15,412.74,414.027,408.693,423.04,22503.09850686
2024-04-16,395.634,409.244,393.794,411.084,39198.559945582
2024-04-17,399.129,395.45,395.082,405.014,41863.701015421
2024-04-18,400.048,402.256,391.771,403.727,30741.00497161
2024-04-19,397.105,396.369,392.875,398.025,19087.672925317
2024-04-22,400.416,398.209,397.841,403.359,16732.431979878
2024-04-23,405.199,403.175,402.807,410.165,30175.573165687
2024-04-24,400.232,408.325,400.232,409.061,33195.196483085
2024-04-25,396.001,400.048,395.45,401.52,28689.139937425
2024-04-26,405.382,400.048,396.186,409.061,27809.458531672
2024-04-29,423.223,413.291,410.533,423.959,36415.983039129
2024-04-30,426.534,423.223,419.361,427.454,37982.881562849
2024-05-02,422.487,426.534,419.729,431.317,30533.317519819
2024-05-06,434.811,427.638,423.959,436.834,47139.614712221
2024-05-07,438.305,434.628,432.236,440.697,24559.313016475
2024-05-08,424.143,440.513,420.464,440.513,42757.518216321
2024-05-09,435.547,432.236,417.889,436.834,44839.829578517
2024-05-10,440.697,436.834,436.65,448.238,49319.789271596
2024-05-13,438.122,441.433,430.764,444.192,51654.370208742
2024-05-14,448.635,443.474,440.607,453.414,38958.399332396
2024-05-15,450.164,452.076,445.768,457.046,25961.454616215
2024-05-16,449.782,450.164,442.901,453.414,44698.31550636
2024-05-17,452.076,450.164,448.444,453.605,14323.633325111
2024-05-20,451.12,452.841,449.017,460.104,20766.652610431
2024-05-21,444.239,450.738,442.136,452.841,27882.432759743
2024-05-22,439.651,448.826,436.21,448.826,20445.443302118
2024-05-23,431.814,445.768,431.814,446.15,24359.593212216
2024-05-24,436.019,430.093,429.138,437.931,13762.824891053
2024-05-27,431.623,436.593,430.858,439.46,15451.527899579
2024-05-28,428.755,433.343,425.506,437.548,18479.474929738
2024-05-29,420.536,427.417,419.771,428.755,15036.152995995
2024-05-31,435.828,421.492,419.198,436.401,41414.028800186
2024-06-03,434.299,437.931,432.196,444.048,14172.968372677
2024-06-04,421.3,434.872,421.3,440.607,22075.554384698
2024-06-05,423.977,421.683,417.668,425.888,16303.203394586
2024-06-06,426.27,424.55,420.918,428.946,14968.144510521
2024-06-07,420.727,427.226,420.727,430.093,16624.412702899
2024-06-10,422.065,420.727,416.713,424.359,13260.608382941
2024-06-11,415.948,425.315,415.948,427.417,15940.142710596
2024-06-12,436.21,416.522,416.33,437.739,20997.881461041
2024-06-13,414.992,436.401,414.61,436.401,26410.31062034
2024-06-14,417.668,415.757,413.081,427.035,30412.348419357
2024-06-17,432.005,421.683,418.815,432.961,22665.65878173
2024-06-18,429.52,431.049,429.52,440.224,20058.318077115
2024-06-19,434.49,436.784,431.431,439.46,11503.896888941
2024-06-20,436.975,436.784,430.476,441.18,25574.329391212
2024-06-21,444.239,439.46,435.828,445.577,83128.341220847
2024-06-24,444.812,444.239,438.695,446.341,20829.429673945
2024-06-25,432.005,445.386,432.005,446.15,16268.676009653
2024-06-26,435.446,440.033,431.814,445.768,29067.872975766
2024-06-27,439.842,437.548,437.548,441.371,19575.980972449
2024-06-28,442.136,439.651,439.651,445.386,19173.161481567
2024-07-01,443.665,442.518,441.371,449.973,16045.817434178
2024-07-02,433.343,445.386,432.387,446.915,7523.8310621529
2024-07-03,442.136,433.343,433.343,445.003,19716.183080964
2024-07-04,447.871,442.136,442.136,451.694,20206.890460765
2024-07-05,447.297,451.12,446.341,455.899,22672.982772473
2024-07-08,453.605,453.032,447.297,455.708,23887.718951469
2024-07-09,455.708,453.796,451.311,456.855,27854.183081162
2024-07-10,450.164,456.855,444.43,459.722,34830.807406351
2024-07-11,449.017,450.738,447.106,453.605,32410.751607886
2024-07-12,450.738,447.297,445.577,457.811,25103.501414857
2024-07-15,448.826,452.076,445.768,454.179,20604.478529687
2024-07-16,435.828,449.017,434.681,450.738,27956.718951568
2024-07-17,434.681,435.828,424.55,443.283,56843.584727535
2024-07-18,437.931,432.005,429.902,440.989,48723.371561999
2024-07-19,434.108,437.357,431.24,442.518,21581.708151721
2024-07-22,432.77,433.916,432.196,441.18,13395.579069496
2024-07-23,430.476,438.504,426.079,439.46,18661.528413928
2024-07-24,429.52,426.27,426.079,435.063,10917.977629476
2024-07-25,432.196,426.461,421.683,432.77,20179.687066575
2024-07-26,431.431,431.623,430.093,437.739,23009.886346665
2024-07-29,427.991,432.961,425.506,438.122,7373.1661097193
2024-07-30,428.182,427.417,426.461,432.961,16782.401646076
2024-07-31,423.785,431.049,423.785,434.108,18597.705066022
2024-08-01,415.757,424.359,415.757,426.653,17717.779892435
2024-08-02,411.552,415.757,401.803,418.815,27502.631525483
2024-08-05,397.98,401.42,387.275,401.994,52283.877347635
2024-08-06,396.642,401.42,389.569,406.199,48584.215737876
2024-08-07,397.789,396.642,390.907,402.376,36309.207252106
2024-08-08,401.229,399.7,391.672,403.332,32856.468758836
2024-08-09,399.509,404.288,398.553,407.92,25593.162510266
2024-08-12,407.155,407.155,401.038,410.596,13596.46567274
2024-08-13,410.978,407.155,401.42,413.654,34032.492415331
2024-08-14,414.228,411.934,408.111,415.757,33342.991001069
2024-08-16,423.403,422.447,418.624,427.226,19824.996657721
2024-08-19,433.343,426.079,421.874,434.872,34085.852919318
2024-08-20,431.24,433.725,429.902,434.872,19445.195423462
2024-08-21,433.916,431.049,429.138,435.828,15491.286706471
2024-08-22,432.005,433.916,430.093,436.019,13078.55489875
2024-08-23,411.934,435.637,399.7,444.43,76728.219595595
2024-08-26,406.199,412.89,402.567,420.536,41586.665724849
2024-08-27,416.139,408.111,401.42,417.668,38143.343791106
2024-08-28,410.978,413.845,395.495,416.139,80187.235795216
2024-08-29,425.315,410.978,410.022,428.182,43631.105426622
2024-08-30,425.315,425.315,419.198,428.373,26995.183595412
2024-09-02,431.24,422.447,422.447,434.49,17548.281820947
2024-09-03,419.198,431.24,419.198,434.299,27462.872718591
2024-09-04,422.065,415.757,414.801,425.888,18777.665981429
2024-09-05,410.405,420.536,410.022,423.021,27950.441245217
2024-09-06,402.95,412.316,402.95,416.713,22339.218051457
2024-09-09,401.994,408.111,399.127,410.978,11203.613268465
2024-09-10,398.744,403.332,397.024,407.346,10802.886346368
2024-09-11,400.465,399.891,394.157,404.479,25734.410903172
2024-09-12,399.891,404.288,398.553,405.435,20972.770635636
2024-09-13,407.155,400.656,399.7,412.316,45320.85471954
2024-09-16,405.435,410.022,399.318,410.022,13316.061455711
2024-09-17,410.787,409.831,402.95,416.139,29867.234251177
2024-09-18,404.479,416.713,403.714,416.713,21899.778606859
2024-09-19,410.787,407.346,407.346,416.522,28344.890460963
2024-09-20,404.097,410.978,399.318,411.36,120842.70841127
2024-09-23,402.376,404.097,398.553,409.449,49098.987658691
2024-09-24,404.67,399.7,399.7,410.022,26357.996400745
2024-09-25,415.566,406.199,403.523,418.242,37826.319620361
2024-09-26,423.021,415.757,415.757,425.888,68716.820006816
2024-09-27,427.417,423.021,421.492,428.373,32756.025457213
2024-09-30,424.168,427.226,418.051,427.226,22398.856261795
2024-10-01,421.109,424.168,419.962,429.329,31601.973772948
2024-10-02,419.389,420.727,418.051,427.226,7998.8441760755
2024-10-03,416.713,418.624,411.743,420.345,14465.928002409
2024-10-04,423.785,420.536,416.713,424.168,35598.780150006
2024-10-07,432.387,426.27,421.109,433.725,47292.05451388
2024-10-08,426.27,423.785,422.065,431.24,19555.055284611
2024-10-09,409.64,427.226,407.537,429.902,34660.263050471
2024-10-10,404.097,409.831,402.759,411.934,33590.96040195
2024-10-11,405.626,405.244,401.994,410.787,27150.033685413
2024-10-14,403.523,405.626,403.141,410.596,13345.357418684
2024-10-15,406.964,407.155,404.479,411.169,21355.710723071
2024-10-16,415.948,410.978,403.523,419.007,52338.284136014
2024-10-17,405.244,420.536,403.332,423.403,23404.335562411
2024-10-18,406.582,409.067,405.244,412.89,13091.110311453
2024-10-21,411.743,411.552,407.537,413.654,40109.312163487
2024-10-22,409.64,413.845,406.199,415.183,25806.604526214
2024-10-23,409.067,412.316,402.567,412.89,21219.693752124
2024-10-24,409.067,411.934,406.199,412.125,20410.915917185
2024-10-25,403.714,407.346,403.523,409.831,15148.105425928
2024-10-28,410.596,407.155,405.244,411.934,14200.171766867
2024-10-29,411.552,410.596,407.92,413.081,21804.566727196
2024-10-30,410.978,412.89,408.111,422.83,50214.326820457
2024-10-31,410.022,409.067,405.435,412.89,44750.629725955
2024-11-04,409.258,410.978,405.435,416.713,33194.418617419
2024-11-05,402.95,411.169,399.7,411.169,27884.525328527
2024-11-06,406.964,404.288,403.332,410.978,35843.61069771
2024-11-07,419.389,411.934,407.155,421.874,61760.075085073
2024-11-08,416.522,421.874,414.228,423.403,29577.413474621
2024-11-12,416.522,416.713,413.845,422.638,23254.716894369
2024-11-13,404.67,419.58,402.376,419.58,26494.013371692
2024-11-14,406.964,404.67,404.67,410.978,23795.645924982
2024-11-15,403.714,408.684,402.95,408.684,17726.15016757
2024-11-18,402.185,404.479,399.7,408.493,19368.816662853
2024-11-19,390.142,405.244,387.849,406.008,39171.841348344
2024-11-20,393.01,394.921,388.996,398.936,18315.208280209
2024-11-21,400.082,393.01,388.422,401.994,26682.344562234
2024-11-22,401.42,400.274,393.201,403.332,13757.593469093
2024-11-25,404.861,404.288,400.274,405.817,17626.753150339
2024-11-26,401.42,406.199,398.936,408.302,15675.432759446
2024-11-27,402.376,405.435,399.127,405.435,9338.0881977075
2024-11-28,399.127,404.479,398.553,406.199,7221.4548728938
2024-11-29,404.288,402.376,399.127,404.861,9523.2805350738
2024-12-02,409.258,406.199,404.479,409.831,17296.127282499
2024-12-03,408.111,410.022,404.288,414.992,26569.345847909
2024-12-04,415.566,409.067,408.493,415.566,22100.665210104
2024-12-05,422.447,415.757,414.61,422.447,24182.771149985
2024-12-06,418.624,422.447,417.477,426.653,17091.055541686
2024-12-09,416.904,424.359,411.552,427.035,24917.262793098
2024-12-10,413.081,415.757,409.258,418.242,17955.286449396
2024-12-11,412.316,414.61,410.214,415.757,11159.669324005
2024-12-12,414.801,410.022,409.449,414.801,23041.274878422
2024-12-13,415.375,415.183,410.022,418.051,23665.906660386
2024-12-16,418.242,417.286,410.596,420.345,16247.750321815
2024-12-17,401.994,419.007,401.803,420.153,31001.406531997
2024-12-18,403.332,406.199,398.171,407.346,28223.521471502
2024-12-19,400.274,403.332,395.877,405.244,28067.625097109
2024-12-20,400.847,402.376,392.819,404.861,60482.561842563
2024-12-23,397.215,403.332,395.112,408.493,24037.337619511
2024-12-27,398.362,399.509,394.921,403.905,23455.603497614
2024-12-30,397.406,401.42,394.73,402.759,14199.125482475
2025-01-02,399.891,405.244,396.451,405.244,28864.893803737
2025-01-03,401.612,403.905,400.082,406.199,17998.184109464
2025-01-07,400.847,406.199,399.509,408.302,24688.126511272
2025-01-08,395.877,407.346,390.716,407.537,33951.928517155
2025-01-09,400.656,397.789,393.966,401.42,22506.623554161
2025-01-10,407.92,397.597,397.597,408.111,51155.982773167
2025-01-13,400.274,407.346,398.744,407.92,22829.925431258
2025-01-14,408.111,404.097,401.803,410.405,19194.087169405
2025-01-15,418.624,410.405,409.64,418.624,27453.456159064
2025-01-16,412.125,419.389,410.214,420.153,22405.133968147
2025-01-17,402.185,416.904,398.744,418.815,66205.737466256
2025-01-20,408.493,407.155,401.612,410.214,22623.807406054
2025-01-21,406.199,408.875,401.994,410.022,17127.675495403
2025-01-22,413.081,407.155,403.523,413.081,37226.798663802
2025-01-23,408.875,414.228,408.111,414.419,17330.654667432
2025-01-24,410.787,412.89,410.787,415.375,15008.949601805
2025-01-27,407.537,409.258,399.7,410.596,30270.053742059
2025-01-28,410.596,409.64,407.92,413.463,19280.928773933
2025-01-29,404.288,412.89,403.332,413.845,24491.425045595
2025-01-30,414.228,408.875,406.199,414.61,42077.37310465
2025-01-31,409.64,414.228,408.684,414.228,12909.056827262
2025-02-03,403.141,407.537,400.465,408.111,26287.895346488
2025-02-04,406.008,406.199,401.803,406.773,11283.13088225
2025-02-05,405.435,406.773,403.714,408.684,16737.411417224
2025-02-06,416.33,409.067,406.199,416.33,34768.030342837
2025-02-07,418.433,416.33,414.419,420.345,24580.359218907
2025-02-10,423.212,417.668,413.654,424.168,23837.497300658
2025-02-11,428.946,424.168,421.492,430.093,22237.728465443
2025-02-12,427.8,430.285,422.83,433.725,15074.865518495
2025-02-13,430.285,433.152,423.021,435.828,20232.00128617
2025-02-14,426.844,431.431,423.594,431.431,21084.723065569
2025-02-17,433.725,426.844,424.55,435.637,20737.356647458
2025-02-18,421.683,435.637,404.097,442.518,71364.965802715
2025-02-19,412.316,420.536,406.39,421.683,60330.850605738
2025-02-20,408.493,412.316,406.199,413.845,30182.165853139
2025-02-21,412.89,410.978,409.449,415.566,18990.061712985
2025-02-24,407.729,414.61,406.39,414.61,28127.263307448
2025-02-25,415.183,409.067,407.729,415.757,35722.24170825
2025-02-26,423.021,415.757,415.757,423.212,41086.541785521
2025-02-27,414.801,422.447,411.743,423.021,21879.899203413
2025-02-28,391.098,410.978,391.098,410.978,196296.55361753
2025-03-03,376.571,391.863,374.086,393.201,124065.26433833
2025-03-04,361.661,375.806,361.278,376.571,144726.24222518
2025-03-05,371.41,368.925,366.44,375.233,79953.914375822
2025-03-06,371.983,375.615,365.484,375.997,58101.218566599
2025-03-07,374.85,372.748,370.836,375.997,186969.97454814
2025-03-10,371.983,379.438,368.16,380.203,84113.941118017
2025-03-11,368.542,376.571,368.16,377.526,176528.05631698
2025-03-12,376.571,376.571,369.88,376.571,82776.789665169
2025-03-13,374.277,379.247,372.174,379.247,71895.431989409
2025-03-14,380.776,375.997,373.321,382.114,52030.676524795
2025-03-17,391.672,383.261,382.305,393.01,57931.720495111
2025-03-18,392.054,394.921,388.996,400.274,62245.551042915
2025-03-19,391.098,394.348,387.849,395.495,45480.936231501
2025-03-20,385.364,392.054,381.541,393.774,54270.771407853
2025-03-21,382.496,385.364,379.247,385.364,92268.681668485
2025-03-24,383.261,387.084,378.864,387.275,22618.575984094
2025-03-25,385.173,386.702,381.349,388.804,24023.735922416
2025-03-26,382.688,385.173,378.864,387.084,28067.625097109
2025-03-27,382.305,381.349,375.997,383.643,53152.293392912
2025-03-28,373.13,384.217,371.601,385.937,40070.599640986
2025-03-31,360.705,373.13,359.94,374.468,54770.895347181
2025-04-01,367.682,363.19,360.323,368.638,38077.427874417
2025-04-02,369.307,369.88,363.955,370.549,44975.580870213
2025-04-03,357.455,366.057,356.213,370.358,109922.63821301
2025-04-04,349.045,357.455,348.28,360.227,126333.60889997
2025-04-07,342.163,334.517,328.878,348.758,83067.656726117
2025-04-08,352.485,368.925,342.737,369.498,57002.619955104
2025-04-09,336.429,346.177,334.708,352.39,52842.59321291
2025-04-10,353.823,361.278,345.986,361.278,46484.322963333
2025-04-11,348.089,354.397,346.177,356.213,39329.830291521
2025-04-14,356.882,352.677,351.816,357.36,27914.867575892
2025-04-15,363.763,356.882,356.308,366.344,50780.366676475
2025-04-16,358.029,363.763,357.551,365.388,42202.927231678
2025-04-17,358.411,358.793,357.933,364.719,28107.383904002
2025-04-22,364.432,363.19,357.742,366.344,32554.092569577
2025-04-23,369.211,365.101,364.241,372.939,52777.723580612
2025-04-24,371.601,369.211,364.815,372.748,26116.304706216
2025-04-25,371.41,372.748,369.402,376.188,25434.127282697
2025-04-28,375.137,375.519,374.372,379.151,30851.787863955
2025-04-29,385.937,382.305,381.636,393.679,61902.369762372
2025-04-30,381.541,385.937,378.291,386.893,76004.1907964
2025-05-02,388.04,386.128,384.026,388.231,43436.496529729
2025-05-05,385.173,388.996,381.923,389.569,20680.857290295
2025-05-06,378.96,385.268,372.843,387.084,32493.408074846
2025-05-07,385.268,380.967,378.004,388.422,34908.232451352
2025-05-08,384.79,386.128,383.261,388.135,21652.855490371
2025-05-09,392.532,386.128,383.93,393.966,61411.662382571
2025-05-12,389.856,396.546,386.415,401.038,35964.979687171
2025-05-13,392.436,392.819,388.613,393.583,22769.240936528
2025-05-14,392.15,395.686,387.18,396.546,24066.633582484
2025-05-15,387.753,390.907,384.886,391.863,23493.269735723
2025-05-16,385.364,388.996,382.496,394.157,41264.410132144
2025-05-19,386.224,382.401,375.615,386.606,27257.800977779
2025-05-20,384.886,386.319,382.305,389.473,17679.067369934
2025-05-21,376.762,386.128,375.806,386.128,26167.572641419
2025-05-22,375.137,378.004,373.608,378.673,16532.339676412
2025-05-23,381.541,378.387,369.88,383.834,44225.394961221
2025-05-26,402.376,385.077,385.077,402.376,77927.261508712
2025-05-27,401.898,402.185,398.171,404.097,28133.541013799
2025-05-28,396.068,400.847,393.392,401.803,31853.082027004
2025-05-29,388.04,399.127,387.18,400.465,34356.84057682
2025-05-30,374.755,387.084,371.792,388.04,67087.755208628
2025-06-02,376.571,370.836,369.116,377.909,41760.348933905
2025-06-03,368.925,380.394,364.241,381.349,35241.997172368
2025-06-04,376.284,373.608,371.027,379.534,30164.379018477
2025-06-05,371.123,377.909,371.123,379.247,21485.449987666
2025-06-06,376.284,371.792,366.631,377.909,31157.30290639
2025-06-09,385.937,379.438,375.424,387.849,25954.130625471
2025-06-10,393.01,387.084,385.173,394.348,46060.577784614
2025-06-11,383.93,394.635,383.452,394.73,33631.765493234
2025-06-12,383.834,384.503,377.144,387.466,20068.780921034
2025-06-13,375.615,382.305,371.983,382.305,34572.375161552
2025-06-16,375.041,377.718,372.652,380.394,21515.792235032
2025-06-17,379.534,378.004,371.983,382.496,19975.661610155
2025-06-18,377.335,381.158,374.659,381.445,26619.56749872
2025-06-20,377.431,377.526,370.836,383.165,59976.160196884
2025-06-23,363.094,372.748,361.278,376.093,50992.76240803
2025-06-24,380.394,371.41,370.836,381.732,26950.19336656
2025-06-25,375.137,380.394,372.556,381.827,40230.681152947
2025-06-26,382.879,376.571,376.571,384.121,29452.905631985
2025-06-27,386.128,385.842,381.636,386.128,24281.121882823
2025-06-30,383.93,387.658,382.974,389.76,18968.089740755
2025-07-01,382.305,386.128,379.916,388.709,32992.485729783
2025-07-02,386.224,384.217,379.82,386.224,27276.634096833
2025-07-03,391.863,386.988,386.893,395.112,26244.99768642
2025-07-04,387.084,391.863,385.746,392.341,11113.632810762
2025-07-07,381.445,387.084,381.445,389.951,25697.790949456
2025-07-08,388.9,384.695,384.695,389.569,30859.111854699
2025-07-09,396.7,391,391,399.3,32383
2025-07-10,392.2,398.8,390.1,398.8,17340
2025-07-11,391.2,394,389,394,17607
2025-07-14,395,391,388.2,395,14828
2025-07-15,392.9,395.4,390.7,398.5,20915
2025-07-16,392.6,394.5,390,394.5,17657
2025-07-17,398.5,394.4,391.9,398.5,12154
2025-07-18,403.4,398.8,398.8,404.2,31827
2025-07-21,403.9,403,400.6,404.5,14838
2025-07-22,399.3,403.9,398.4,403.9,12321
2025-07-23,406.1,402.9,399.6,408.6,28758
2025-07-24,414,406.5,404.5,414.2,49832
2025-07-25,411.8,414,409,415.5,26551
2025-07-28,403.6,414,402.2,416.7,26875
2025-07-29,411.2,403,403,412.5,20849
2025-07-30,416.3,411,409.6,416.3,34693
2025-07-31,412,416.4,410,417,68476
2025-08-01,405,411,403,411,27744
2025-08-04,407.2,405,401,409.3,12953
2025-08-05,401,408,401,410,21050
2025-08-06,412,402.7,401.1,412,23161
2025-08-07,424.8,411.5,409,429,61989
2025-08-08,428.5,424.2,419,429.7,23106
2025-08-11,426,428.5,422.4,429.3,39916
2025-08-12,429.5,424.5,424.5,430,25189
2025-08-13,425.9,428,419.5,429.5,17668
2025-08-14,420,423.7,417.1,425.2,18524
2025-08-18,421.4,420,412.3,423.8,16252
2025-08-19,424.9,425.9,417.1,426.3,19821
2025-08-20,418.9,420,415.6,424.1,12971
2025-08-21,424.3,421,416,424.7,9889
2025-08-22,427.5,420,419,431.1,48538
2025-08-25,426.1,428,423.1,430.5,14256
2025-08-26,425.8,426.1,419.8,430,31047
2025-08-27,438.4,432,427,439.8,56967
2025-08-28,453.5,438.4,438.4,456.5,83901
2025-08-29,454.7,453.5,450,461,64778
2025-09-01,453.3,453.5,450.3,459.5,19150
2025-09-02,458,453.3,453,460.6,38835
2025-09-03,455.3,457,453,462.2,26215
2025-09-04,458,456,453,459.8,17954
2025-09-05,455,457.5,453,461.9,22643
2025-09-08,473,456.5,456.3,473.9,32101
2025-09-09,467.8,472.2,465.9,473.9,17150
2025-09-10,464.5,466,450.7,471.2,43221
2025-09-11,468.9,460.2,460.2,471.2,17953
2025-09-12,470.8,471,468,475.5,30913
2025-09-15,475.2,471.5,471.5,479.8,27944
2025-09-16,468,476.4,467.6,478.2,34453
2025-09-17,478.4,468,468,479.9,31851
2025-09-18,475.8,478.4,474.8,482.6,25645
2025-09-19,475.9,476,473,479.2,95513
2025-09-22,476.4,475.9,469.7,477,21594
2025-09-23,479.6,477,476.9,481.9,16184
2025-09-24,479.4,480.5,473.1,481.7,21065
2025-09-25,478.1,480,470.7,480.1,14827
2025-09-26,472.8,478,468.6,479,42668
2025-09-29,464.6,472.8,459.5,474,16789
2025-09-30,458,463.9,453.1,464,23605
2025-10-01,455,457,449.5,458,32016
2025-10-02,452,455,448,458,37102
2025-10-03,448,456,443.1,456,22312
2025-10-06,443.4,450,440,450,28365
2025-10-07,441,443.2,436.4,444,62350
2025-10-08,441,438.3,434.4,443.6,26619
2025-10-09,442.4,442.5,438.8,448,30217
2025-10-10,440.4,445,438.4,448.5,35823
2025-10-13,437.3,435,431.5,440,19070
2025-10-14,441.1,435.5,428.5,441.5,23849
2025-10-15,462.1,449.2,447.3,468,33606
2025-10-16,452.2,467.7,452.2,467.7,30032
2025-10-17,447,450,439.3,452.7,22463
2025-10-20,453.2,455.4,450.8,458.2,19344
2025-10-21,453.3,457.6,450.5,462,15996
2025-10-22,451.2,453.3,448.4,457.6,10263
2025-10-23,453.3,455,450.4,458.3,9178
2025-10-24,463.8,455.4,455.4,470.3,25232
2025-10-27,466.4,470,461.2,473.6,18371
2025-10-28,469.5,468,465.1,473.5,17712
2025-10-29,467.1,470,465.7,474.4,15958
2025-10-30,478.3,465,455,478.3,22661
2025-10-31,454,479.4,454,481.8,48078
2025-11-03,465.5,456.2,456.2,467.6,18744
2025-11-04,459.1,465,455.2,465.1,17802
2025-11-05,460,456.6,451.2,461.9,12418
2025-11-06,459,461.9,458,464.5,20488
2025-11-07,462,459,459,467.9,18130
2025-11-10,468.3,468,461,468.8,15924
2025-11-12,465.4,469.8,463.8,474.7,17610
2025-11-13,464.4,469,463.9,474.9,14207
2025-11-14,461.2,464.4,452.9,467.9,18935
2025-11-17,454.4,461.2,452,462,9371
2025-11-18,448.5,450.2,442.6,454.9,14316
2025-11-19,457.9,448.5,448.5,457.9,25791
2025-11-20,457.1,465,455.1,465.8,28178
2025-11-21,457.9,454,447.3,460.6,19891
2025-11-24,458.9,462,455.5,465.5,15199
2025-11-25,463.4,462.8,456.2,464.7,32656
2025-11-26,469,465.8,463.8,469,23483
2025-11-27,470.6,470,468.4,473.7,14746
2025-11-28,476.9,472.5,466.5,478.3,21350
2025-12-01,473.5,478.9,471,481,21902
2025-12-02,473,474.5,467,475.5,25609
2025-12-03,464.8,474,461.7,478,15154
2025-12-04,464.7,464.8,463.3,472.8,31886
2025-12-05,468.9,470,464.4,476.9,29006
2025-12-08,483.8,471,471,484.6,43518
2025-12-09,482,485.4,478.4,490,48503
2025-12-10,473.7,483,470,485,42021
2025-12-11,476.7,473.6,469.4,480,29398
2025-12-12,479.7,476.9,474.4,484,35806
2025-12-15,478,479.5,470,480.5,46593
2025-12-16,469,478,464.2,480,47105
2025-12-17,479.9,466,459.3,480.8,83447
2025-12-18,479.7,479.7,471.1,479.7,49510
2025-12-19,486.2,477,476,487.8,82074
2025-12-22,492.7,487.8,486.2,493.6,45428
2025-12-23,492.3,490,489.7,496,19079
2025-12-29,492,493,487.6,494.1,18192
2025-12-30,493.5,493.4,489.9,498.8,22911
2026-01-02,498.4,495.8,492.3,500,31756
2026-01-05,498.5,500,495.1,502.2,39619
2026-01-07,504.8,499.3,495.2,505,29448
2026-01-08,497,505,493.2,505,22508
2026-01-09,503.2,498,492,510,34950
2026-01-12,487.3,503.2,483.5,503.2,53085
2026-01-13,485.2,487.3,480.4,490,32034
2026-01-14,475.6,489,473.7,489,39268
2026-01-15,477.9,484.2,472.6,484.2,26246
