Date,Open,High,Low,Close,Volume
2021-05-26,170.628,171.25,167.076,171.033,42687359.503914
2021-05-27,170.529,175.67,170.421,175.266,63029483.12526
2021-05-28,176.509,176.795,174.309,174.703,34947485.165729
2021-06-01,176.509,177.96,175.651,177.062,29384197.31717
2021-06-02,177.614,178.039,175.739,177.881,25632530.70673
2021-06-03,178.66,178.66,175.572,177.782,22005256.797859
2021-06-04,177.368,177.782,175.118,175.522,18080521.33183
2021-06-07,176.065,179.39,175.572,178.394,32577289.580053
2021-06-08,177.703,179.371,175.937,176.657,51393630.46844
2021-06-09,176.045,176.282,171.506,172.207,33158424.951548
2021-06-10,172.542,173.648,170.727,170.845,32177283.902544
2021-06-11,170.529,172.69,170.253,172.128,25940666.743501
2021-06-14,173.263,174.101,170.934,171.171,22652835.813793
2021-06-15,171.21,171.27,168.951,170.993,40732121.771974
2021-06-16,171.605,173.361,167.332,168.99,33950893.331937
2021-06-17,170.115,173.509,169.612,170.608,47352883.383763
2021-06-18,168.97,169.562,163.859,163.977,109155093.22195
2021-06-21,162.142,165.25,160.267,165.004,40604549.934114
2021-06-22,165.862,166.148,163.573,164.619,24010609.757307
2021-06-23,164.658,166.395,164.658,164.875,20724130.745932
2021-06-24,165.25,167.135,164.471,166.395,24543687.168323
2021-06-25,167.954,168.398,165.537,166.819,19746694.804445
2021-06-28,166.819,167.096,163.642,163.642,21566052.582711
2021-06-29,164.273,168.872,164.214,165.25,26107750.269498
2021-06-30,165.714,166.553,161.54,163.257,31948302.988213
2021-07-01,165.004,168.112,165.004,167.253,36252351.876482
2021-07-02,168.25,168.891,164.195,164.451,22848110.992109
2021-07-05,164.658,170.095,164.412,169.543,23678952.976461
2021-07-06,169.691,169.908,162.576,163.642,42930082.556625
2021-07-07,163.642,165.902,162.596,164.579,30154481.670336
2021-07-08,163.04,163.04,157.643,159.942,44002245.003753
2021-07-09,160.859,165.497,159.823,165.398,40007026.353199
2021-07-12,165.112,165.556,160.82,164.796,27369766.033562
2021-07-13,167.273,168.398,162.004,162.201,40357676.877224
2021-07-14,161.757,165.655,161.264,162.862,40449142.15858
2021-07-15,163.395,163.395,160.445,161.363,33529249.867073
2021-07-16,162.675,162.981,156.705,157.83,36844556.966084
2021-07-19,155.363,156.449,149.719,152.008,44711874.436259
2021-07-20,153.034,155.501,149.946,154.238,46407058.414276
2021-07-21,154.189,160.178,153.814,159.527,28327369.110146
2021-07-22,160.682,162.399,157.268,157.731,26922272.957809
2021-07-23,158.876,160.8,158.018,159.448,19521642.966108
2021-07-26,157.623,162.142,155.709,161.659,23152096.01127
2021-07-27,161.58,162.339,158.837,161.599,22241487.804961
2021-07-28,167.313,170.441,164.56,164.836,56149574.781218
2021-07-29,166.148,169.582,166.148,168.132,33622837.275107
2021-07-30,167.372,169.128,166.148,166.494,29137368.851289
2021-08-02,168.743,170.993,167.411,167.826,31561214.515408
2021-08-03,168.398,170.332,166.415,168.27,27206111.961567
2021-08-04,169.947,170.973,168.378,170.628,46558769.189751
2021-08-05,169.01,171.585,168.27,171.467,30580956.165706
2021-08-06,171.151,174.98,170.727,174.279,45136570.358409
2021-08-09,174.792,176.341,173.805,175.917,26187039.164967
2021-08-10,176.47,177.279,175.118,176.864,24995222.824459
2021-08-11,177.18,178.581,175.72,177.94,22504246.408983
2021-08-12,177.94,179.736,177.111,177.703,34716127.753278
2021-08-13,177.999,179.538,177.94,178.522,23247846.083264
2021-08-16,176.489,178.226,174.22,176.42,51474352.356805
2021-08-17,175.513,177.052,173.944,175.739,44755409.449571
2021-08-18,175.532,176.361,172.769,175.917,182656232.74017
2021-08-19,172.463,174.851,171.516,172.542,42038988.997561
2021-08-20,172.829,173.717,170.648,172.947,28395765.638114
2021-08-23,175.216,176.588,173.134,174.18,19190892.193501
2021-08-24,175.661,175.661,172.69,175.355,30289760.658813
2021-08-25,175.917,178.927,174.427,178.562,25797899.505726
2021-08-26,177.151,179.41,176.805,177.979,39945291.11399
2021-08-27,177.358,179.193,176.854,179.193,30778867.280742
2021-08-31,176.489,179.035,172.967,178.325,67928101.440066
2021-09-01,179.213,180.14,176.825,177.437,40010012.937403
2021-09-02,176.874,179.154,176.647,178.887,23506934.036459
2021-09-03,178.887,180.219,177.762,178.137,24960060.786611
2021-09-06,178.571,180.18,178.078,178.996,12226868.990645
2021-09-07,178.019,179.864,177.437,178.789,19652943.22042
2021-09-08,177.091,177.693,174.99,175.937,50870360.039217
2021-09-09,173.006,176.509,171.96,175.276,36896844.991873
2021-09-10,176.825,177.111,173.539,173.855,31841850.060508
2021-09-13,175.276,178.137,174.851,177.555,44165953.801078
2021-09-14,176.647,177.743,174.18,174.506,28903257.944002
2021-09-15,173.855,176.006,172.769,173.46,51434666.358357
2021-09-16,173.598,177.072,173.578,176.203,29661521.979814
2021-09-17,176.489,178.325,174.753,176.223,76739678.127235
2021-09-20,172.631,173.273,168.388,168.704,49182626.813513
2021-09-21,170.204,171.921,168.063,168.793,40657538.241439
2021-09-22,170.085,175.197,170.085,174.772,27867472.63973
2021-09-23,176.361,178.167,175.374,177.417,40557926.993395
2021-09-24,176.065,178.808,175.236,177.21,30969307.374825
2021-09-27,178.384,181.472,178.058,181.107,45261473.829723
2021-09-28,180.93,181.798,178.946,179.696,35203866.241962
2021-09-29,179.39,181.897,179.173,181.107,27819022.481053
2021-09-30,182.282,184.571,181.759,182.854,55163905.717887
2021-10-01,180.121,181.759,177.999,181.196,35030093.051109
2021-10-04,181.354,183.939,178.828,180.624,24787931.382517
2021-10-05,181.088,188.005,180.584,187.679,44030354.568078
2021-10-06,187.541,187.857,183.9,185.074,38320562.957833
2021-10-07,187.778,188.143,185.054,186.85,41895716.057201
2021-10-08,187.028,188.804,186.505,188.222,32880729.372779
2021-10-11,188.488,191.537,187.62,190.649,31556561.848941
2021-10-12,188.508,190.847,186.248,190.442,21494310.7156
2021-10-13,189.781,191.014,184.591,186.061,53038816.777065
2021-10-14,188.064,189.416,187.176,187.492,42420987.001259
2021-10-15,188.547,191.754,188.449,190.787,42794956.596385
2021-10-18,191.054,193.175,190.343,192.366,30718259.991387
2021-10-19,192.327,192.988,191.577,192.425,23551161.223851
2021-10-20,192.869,193.037,189.051,191.379,29253110.897017
2021-10-21,192.869,192.889,189.031,189.899,36387797.067813
2021-10-22,190.59,193.945,189.662,191.784,31222154.613555
2021-10-25,192.869,196.599,192.346,193.471,60695982.900098
2021-10-26,193.323,196.165,192.751,195.593,28643813.262731
2021-10-27,194.527,195.297,191.804,192.366,29927677.608013
2021-10-28,192.938,195.109,189.958,192.198,30934427.071082
2021-10-29,191.419,195.78,190.087,195.06,38022963.573918
2021-11-01,187.936,193.807,187.837,193.708,62492404.684574
2021-11-02,193.323,193.807,188.547,191.399,39627357.216314
2021-11-03,192.267,192.938,190.462,192.425,29985520.25478
2021-11-04,193.807,193.856,184.443,184.689,54833299.86606
2021-11-05,184.887,187.432,184.571,185.538,36827350.917012
2021-11-08,185.37,187.6,183.673,185.597,40133159.11757
2021-11-09,184.206,186.002,183.032,183.249,59693688.484251
2021-11-10,184.324,187.097,183.939,185.903,52352579.382766
2021-11-11,186.544,190.284,186.288,189.613,30075640.711827
2021-11-12,189.613,190.018,187.6,188.36,36594853.393523
2021-11-15,186.505,190.61,186.179,189.031,25475656.495042
2021-11-16,190.225,190.481,187.778,188.814,33900875.393904
2021-11-17,189.317,190.689,188.646,188.745,61518543.11787
2021-11-18,188.932,190.126,187.738,188.39,22842395.235438
2021-11-19,189.11,189.919,182.4,184.166,55283611.296299
2021-11-22,184.729,188.37,184.423,187.817,26225724.905997
2021-11-23,185.962,188.765,185.054,186.89,34046739.679975
2021-11-24,186.14,188.646,185.597,186.485,45862488.683996
2021-11-25,187.156,188.913,186.021,188.547,19238339.054464
2021-11-26,180.713,182.361,175.197,175.197,65076133.44009
2021-11-29,177.841,180.663,176.766,176.766,38814080.035974
2021-11-30,174.851,179.41,174.161,177.673,68931433.610316
2021-12-01,179.114,183.298,178.996,182.933,42437171.510841
2021-12-02,179.677,181.255,177.999,180.584,30830207.74758
2021-12-03,182.143,183.051,178.266,180.022,18454633.820872
2021-12-06,180.348,182.282,179.519,180.407,30727416.349813
2021-12-07,179.154,180.969,178.867,180.081,48614978.195525
2021-12-08,180.081,180.969,176.766,179.292,74673341.895147
2021-12-09,178.996,180.949,175.878,176.341,30346803.707706
2021-12-10,175.72,178.344,175.552,176.006,31901410.474572
2021-12-13,176.43,177.032,171.477,171.802,29608236.736904
2021-12-14,173.213,175.335,173.006,173.677,35695627.042387
2021-12-15,173.539,174.447,170.066,170.204,44842152.137649
2021-12-16,172.345,179.696,171.536,175.661,58998115.354056
2021-12-17,174.832,176.687,172.73,174.407,77462124.434673
2021-12-20,170.589,174.082,170.589,172.246,37600643.136455
2021-12-21,174.684,177.703,174.299,177.703,28001033.86091
2021-12-22,177.693,180.18,177.634,179.233,35644385.891889
2021-12-23,180.693,181.581,180.348,180.732,26571591.01739
2021-12-24,181.216,181.68,179.617,180.772,5189582.7591951
2021-12-29,183.249,183.535,181.009,181.798,18024074.180974
2021-12-30,181.176,182.627,181.088,181.374,9156488.1455868
2021-12-31,181.295,181.739,179.756,180.348,8312461.4104736
2022-01-04,186.081,190.481,183.535,189.662,41889872.608093
2022-01-05,189.702,192.119,189.357,190.886,29208973.905076
2022-01-06,189.297,193.905,188.834,193.323,30090516.880653
2022-01-07,193.856,197.951,193.037,197.951,41588162.743849
2022-01-10,199.106,202.342,197.764,200.507,40328140.400596
2022-01-11,201.138,201.572,198.77,199.638,69925704.684751
2022-01-12,201.859,204.651,201.612,204.266,44328968.397459
2022-01-13,203.98,209.427,203.832,209.378,55537598.646067
2022-01-14,209.575,211.795,205.904,207.838,48190537.658247
2022-01-17,210.493,211.164,206.536,207.157,25049698.85001
2022-01-18,207.069,207.937,202.342,202.342,63002476.174988
2022-01-19,202.046,203.447,199.017,199.589,74295129.060095
2022-01-20,198.819,200.408,195.731,198.237,37955535.886975
2022-01-21,194.813,195.879,191.014,192.159,42385367.905564
2022-01-24,190.57,191.379,182.43,183.594,57294766.154141
2022-01-25,185.35,190.403,185.35,189.702,36493014.621868
2022-01-26,192.08,197.951,191.695,195.011,43763113.55417
2022-01-27,193.708,200.408,193.274,196.313,28619549.672976
2022-01-28,192.771,192.79,188.123,189.88,85360309.017737
2022-01-31,191.656,192.307,188.646,190.205,28266916.875892
2022-02-01,192.988,193.994,191.458,193.945,38623822.359657
2022-02-02,196.116,198.622,193.856,195.83,26128057.420594
2022-02-03,196.55,202.007,193.856,197.181,54991066.911369
2022-02-04,198.918,200.27,190.511,193.471,48732003.246207
2022-02-07,196.797,197.902,193.659,197.714,38791812.907325
2022-02-08,198.099,199.885,197.083,198.869,26752127.853637
2022-02-09,200.073,201.572,196.55,200.605,31203375.717966
2022-02-10,200.408,201.474,198.484,201.227,27101953.443987
2022-02-11,198.148,199.638,194.576,198.77,43754731.457818
2022-02-14,192.041,192.652,186.791,188.607,64433478.690408
2022-02-15,186.308,192.692,185.735,191.399,35828035.991344
2022-02-16,191.478,192.218,187.432,189.031,60480348.885653
2022-02-17,187.64,188.972,184.147,185.794,28415709.980541
2022-02-18,184.591,186.268,182.913,184.364,50903219.559484
2022-02-21,185.715,188.202,183.278,184.63,38871790.936576
2022-02-22,179.963,185.252,178.522,183.397,75267909.294819
2022-02-23,186.14,195.159,184.926,189.011,86486834.99946
2022-02-24,176.302,184.186,171.901,173.016,90526916.259292
2022-02-25,177.723,183.515,173.391,182.183,79890645.060765
2022-02-28,174.723,177.338,172.651,176.381,99063911.644332
2022-03-01,174.062,178.591,166.888,167.056,101008604.61596
2022-03-02,164.165,172.207,164.056,170.668,75532935.959733
2022-03-03,172.187,172.562,166.05,166.701,76931628.235048
2022-03-04,163.8,165.931,154.702,154.722,75949293.363108
2022-03-07,148.012,153.044,140.177,149.61,78621817.00657
2022-03-08,145.9,155.807,145.486,150.242,93906552.983519
2022-03-09,157.11,159.715,153.676,159.656,65982819.664427
2022-03-10,160.544,162.122,154.426,155.689,45908380.940219
2022-03-11,156.932,163.405,155.57,158.965,68411809.50955
2022-03-14,162.379,168.319,161.057,167.747,47214067.517487
2022-03-15,165.714,167.984,163.168,165.931,46783287.962837
2022-03-16,169.76,173.115,167.924,172.838,54824761.701174
2022-03-17,174.733,175.641,167.648,169.444,80103136.422473
2022-03-18,170.076,170.51,167.293,168.319,101865736.0407
2022-03-21,168.813,169.898,166.267,166.267,41015770.25051
2022-03-22,167.944,171.22,167.707,170.569,54955980.880923
2022-03-23,171.299,171.891,167.747,167.747,23420190.33495
2022-03-24,167.826,168.438,165.28,166.109,34540437.149017
2022-03-25,166.622,166.622,164.116,165.083,29643083.59739
2022-03-28,161.846,164.431,157.662,158.353,56091473.709282
2022-03-29,149.295,155.314,149.295,154.367,166445272.5827
2022-03-30,151.821,152.65,149.393,149.433,92268107.011352
2022-03-31,148.999,150.597,145.545,146.334,113928711.78939
2022-04-01,148.012,149.61,144.499,145.091,87367970.575359
2022-04-04,147.578,148.051,140.671,144.361,72614525.32875
2022-04-05,143.868,146.315,143.493,145.052,146719788.91073
2022-04-06,144.973,146.098,139.684,141.44,64114920.5186
2022-04-07,141.539,143.177,138.204,138.717,84353326.465301
2022-04-08,141.499,142.901,140.69,142.683,54204950.722969
2022-04-11,143.493,145.249,142.348,143.019,51124768.976711
2022-04-12,142.249,144.203,140.552,141.361,39117946.483586
2022-04-13,140.552,142.348,139.94,142.348,39134341.787031
2022-04-14,141.697,144.321,140.769,143.927,43864704.034977
2022-04-19,144.164,145.131,142.328,143.769,37057413.163324
2022-04-20,145.032,148.071,143.868,146.907,73064268.223618
2022-04-21,146.907,148.9,146.038,148.071,55077893.714306
2022-04-22,146.078,147.933,144.361,144.756,80019124.933727
2022-04-25,142.506,144.44,141.243,142.269,42151593.457712
2022-04-26,145.545,146.157,140.868,141.085,44403374.577387
2022-04-27,143.216,143.216,139.092,140.039,112665133.31313
2022-04-28,142.96,146.354,140.453,144.361,61872920.031484
2022-04-29,147.479,147.479,145.367,146.236,74886480.839924
2022-05-03,147.617,150.558,146.887,148.999,119566981.44728
2022-05-04,151.071,151.466,148.071,148.564,44667586.442946
2022-05-05,151.939,152.393,147.538,147.834,76912556.457602
2022-05-06,148.229,148.486,145.328,146.67,51816883.263374
2022-05-09,145.446,146.433,143.848,144.045,34338676.005684
2022-05-10,147.223,147.282,141.736,141.736,39171817.490212
2022-05-11,142.585,146.295,141.815,145.348,122474667.94048
2022-05-12,140.769,145.19,140.355,144.006,40848854.95423
2022-05-13,145.604,148.525,145.052,148.367,40841542.028674
2022-05-16,148.604,150.952,146.966,149.689,48709414.859604
2022-05-17,150.36,154.998,150.163,153.794,50797872.286128
2022-05-18,154.939,155.136,152.294,153.143,30944319.181165
2022-05-19,153.222,153.498,149.196,151.248,31113242.086303
2022-05-20,153.597,154.899,150.696,150.696,57056960.273659
2022-05-23,153.182,155.649,151.387,155.649,71774283.762283
2022-05-24,155.353,161.826,155.255,160.623,75927772.120436
2022-05-25,162.359,162.596,159.912,161.708,109925634.98685
2022-05-26,161.649,165.971,161.155,165.458,51709023.692006
2022-05-27,165.162,168.813,164.254,168.122,53098691.35506
2022-05-30,168.28,171.043,167.865,168.951,106595474.01452
2022-05-31,167.885,169.345,166.681,166.819,69238055.579629
2022-06-01,168.911,169.819,165.26,165.576,37815308.309876
2022-06-06,166.109,170.372,165.852,169.089,37063399.506348
2022-06-07,166.938,168.556,165.438,166.76,45361745.835454
2022-06-08,166.306,167.372,165.162,166.326,42697798.867295
2022-06-09,165.004,167.392,163.228,163.721,41810810.7214
2022-06-10,162.734,163.563,157.366,157.682,54757133.354688
2022-06-13,155.926,156.972,153.104,154.011,60033198.349928
2022-06-14,155.57,157.228,152.215,154.682,64054049.736916
2022-06-15,155.748,160.761,155.255,158.629,52838379.175968
2022-06-16,158.096,158.116,151.426,151.604,60996160.455108
2022-06-17,153.025,156.912,151.722,153.853,63827952.036721
2022-06-20,154.781,159.024,153.952,157.998,28532692.467078
2022-06-21,158.373,160.386,156.557,158.294,41495594.84844
2022-06-22,155.57,160.642,155.57,159.202,44051999.449458
2022-06-23,157.248,158.294,151.998,152.038,43090035.574831
2022-06-24,153.025,157.465,150.972,156.833,56411129.427983
2022-06-27,156.478,159.142,155.255,156.537,46877807.728343
2022-06-28,157.623,160.484,157.386,157.899,96375416.312016
2022-06-29,155.787,157.445,154.682,154.682,48793479.046816
2022-06-30,152.354,152.867,148.13,151.091,50446240.759894
2022-07-01,149.847,154.643,149.67,151.169,39682072.411825
2022-07-04,151.979,154.959,151.939,153.459,28456932.341952
2022-07-05,154.426,154.88,145.269,145.525,67923453.840758
2022-07-06,146.867,148.604,144.045,144.914,63840342.256767
2022-07-07,147.084,150.479,147.084,149.018,57498493.35562
2022-07-08,149.196,151.288,147.183,149.946,43377342.54301
2022-07-11,147.874,150.38,147.538,148.999,28270406.122385
2022-07-12,147.657,150.124,144.992,150.124,42958856.932363
2022-07-13,148.367,149.749,146.078,147.242,43061987.829861
2022-07-14,146.749,149.137,143.276,143.611,72041408.231507
2022-07-15,143.67,149.255,143.236,148.308,53815870.856218
2022-07-18,149.453,154.268,149.453,152.176,44445696.512555
2022-07-19,151.031,157.485,151.031,156.123,39070733.725423
2022-07-20,156.439,157.564,153.853,155.551,65916848.279316
2022-07-21,155.768,158.649,154.643,156.853,78573864.443022
2022-07-22,156.399,157.623,154.682,155.748,55603729.140007
2022-07-25,154.801,159.734,154.189,158.59,56057529.816739
2022-07-26,158.491,158.925,154.663,154.801,50980861.627897
2022-07-27,155.373,157.031,153.636,155.57,120374575.30077
2022-07-28,154.031,155.412,147.321,148.347,88641720.868943
2022-07-29,151.367,155.866,150.518,155.097,73280667.379249
2022-08-01,157.879,159.892,156.123,157.682,60378644.900459
2022-08-02,157.129,159.379,156.577,157.899,77508026.825217
2022-08-03,156.794,161.511,156.676,161.155,40716987.177979
2022-08-04,160.958,163.504,158.985,160.326,64409764.380815
2022-08-05,159.754,163.228,158.886,161.826,43823348.913969
2022-08-08,163.306,164.708,162.557,163.8,57943222.802217
2022-08-09,162.951,165.398,162.458,163.662,48156378.918112
2022-08-10,163.8,167.845,163.228,167.51,83421851.693414
2022-08-11,169.02,170.14,167.5,168.98,47289799
2022-08-12,169.9,172.92,169.32,171.6,50918564
2022-08-15,172.22,172.3,170.72,171.56,43128335
2022-08-16,172.06,172.2,169.9,170.5,26647334
2022-08-17,171.34,173.34,168.56,168.68,20688108
2022-08-18,168.6,169.46,167.5,168.5,25224763
2022-08-19,168.04,169.22,164.96,165.28,53335326
2022-08-22,164,164.22,161.78,163.08,36166208
2022-08-23,162.3,165.14,162.22,163.6,30777856
2022-08-24,162.8,163.98,160.64,162.62,31788791
2022-08-25,164,165.16,163.08,164.16,27147208
2022-08-26,165.4,166.64,162.04,162.1,30454502
2022-08-30,161.72,168.06,161.38,164.7,49358851
2022-08-31,165.66,166.96,164.14,164.5,52657111
2022-09-01,163.86,164.04,160.5,161.4,34587713
2022-09-02,161.96,168.9,161.72,168.64,51300909
2022-09-05,163.96,166.78,163.8,166.5,26400585
2022-09-06,167.38,171.64,166.58,167.88,37590573
2022-09-07,166.02,166.7,163.6,164.1,46181307
2022-09-08,164.28,167.26,162.86,166.26,44118012
2022-09-09,166,170,165.42,168.84,41608887
2022-09-12,168.5,175.26,167.64,173.96,49161895
2022-09-13,174.32,175.82,171.6,171.94,44341919
2022-09-14,170.42,172.76,169.08,169.9,42259194
2022-09-15,169.7,172.58,169.64,172.24,41696437
2022-09-16,171.72,173.44,170.6,171.14,127232166
2022-09-20,171.14,174.3,170.3,170.92,41957108
2022-09-21,169.12,172.42,165.02,167.8,59874890
2022-09-22,165.12,170.62,164.72,166.26,65411705
2022-09-23,165.38,167.42,160.62,161.86,51682595
2022-09-26,160.5,161.98,156.68,160.82,53156110
2022-09-27,161.02,162.24,155.52,155.84,55358565
2022-09-28,153.5,154.3,146.5,151.08,84832724
2022-09-29,150.26,150.26,142.72,144.66,68587663
2022-09-30,144.04,147.6,141.68,144.3,75103787
2022-10-03,143.46,146.1,141.26,145.08,52847044
2022-10-04,146.5,151.06,146.1,150.74,43680699
2022-10-05,149.82,150.9,145.6,147.62,36822485
2022-10-06,148.56,149.2,144.14,144.8,37789764
2022-10-07,144.8,146.06,142.6,143.48,32681532
2022-10-10,142.28,145.14,142.28,143.24,27915059
2022-10-11,142.04,142.22,139.56,140.16,52106881
2022-10-12,138,138.38,132.06,135.68,65690001
2022-10-13,135.32,143.8,134.46,142.54,65181658
2022-10-14,145,148.88,142.54,142.82,51791492
2022-10-17,142.78,147.26,142.7,145.4,30616486
2022-10-18,147.74,150.16,147.08,147.5,30635600
2022-10-19,145.6,146.8,143.22,144.3,28614081
2022-10-20,143.6,148.5,142.2,145.34,69905432
2022-10-21,143.74,145.78,141.9,145.04,25886257
2022-10-24,145.88,150.84,145.44,148.94,30167127
2022-10-25,149.6,150.26,146.04,150.22,24812022
2022-10-26,150.92,151.86,147.58,149.82,63447450
2022-10-27,150.02,151.32,148.14,150.26,24538170
2022-10-28,146.98,148.04,144.88,146.44,22647996
2022-10-31,147.08,149.1,146.74,147.76,24632742
2022-11-01,149.36,151.82,148.68,150.34,28844091
2022-11-02,150.58,151.86,148.1,150.1,19608289
2022-11-03,148.78,150.12,146.88,149.52,23393870
2022-11-04,151.02,154.52,150.38,153.52,34319023
2022-11-07,152.9,155.5,151.84,152.6,23685124
2022-11-08,153.12,155.94,152.82,154.18,56097569
2022-11-09,154.42,155.24,152.96,154.4,21699444
2022-11-10,153.72,157.46,153,157,59021509
2022-11-11,157.02,159.58,156.48,158.22,53765652
2022-11-14,156.78,158.74,155.22,157.62,27491978
2022-11-15,156.62,157.36,155.32,157.22,22762920
2022-11-16,155.84,156.3,153.94,154.4,27203752
2022-11-17,155.22,157.02,153.52,156.66,30779589
2022-11-18,156.88,159.16,156.06,158.22,22358632
2022-11-21,157.76,158.46,156.82,157.94,13670802
2022-11-22,159.12,159.3,157.12,157.92,16784247
2022-11-23,157.66,158.66,156.92,158.28,13194996
2022-11-24,158.08,160.22,158.08,159.42,14339660
2022-11-25,159.62,160.22,158.06,159.06,17701072
2022-11-28,158.36,160.74,157.88,158.18,25642764
2022-11-29,157.28,161.78,157.28,161,42340565
2022-11-30,161.78,162.8,160.38,161.24,84403402
2022-12-01,161.96,162.32,158.18,158.28,28956372
2022-12-02,159.06,159.1,155.86,156.82,28802164
2022-12-05,156.36,158.86,156.02,156.28,24394215
2022-12-06,157.26,160.62,155.64,158.76,80092367
2022-12-07,158,159.52,155.96,157.44,24905097
2022-12-08,157.4,157.86,156.62,156.8,21644000
2022-12-09,156.7,159.48,156.14,159.48,23399847
2022-12-12,159.88,160.22,156.94,158.14,33870358
2022-12-13,158.92,161.82,157.98,161.78,42888082
2022-12-14,162.84,162.84,160.06,160.26,42580381
2022-12-15,159.34,159.66,155.2,155.2,32662221
2022-12-16,154.34,155.74,152.1,154.42,109511197
2022-12-19,154.84,156.56,154.38,155.38,14673171
2022-12-20,154,156.5,153.62,155.74,20757044
2022-12-21,156.3,158.38,155.06,158.08,26030701
2022-12-22,158.08,159,157.14,157.14,18858465
2022-12-23,157.14,158.34,156.64,157.74,6137843
2022-12-28,158.24,159.64,157.84,158.88,15974901
2022-12-29,158.14,159.34,157.04,159.34,17312328
2022-12-30,158.56,159.74,158.24,158.52,9144860
2023-01-03,159.52,164.26,159.08,163.6,34940227
2023-01-04,164.1,168.26,164.1,168.08,31851649
2023-01-05,167.18,173.74,166.38,172.42,40113321
2023-01-06,171.82,172.68,171.34,172.1,23266356
2023-01-09,172.1,174.1,171.94,172.62,32930427
2023-01-10,170.18,172.6,170.02,171.6,50086285
2023-01-11,171.04,174.4,171.04,173.54,119855470
2023-01-12,174.24,178,174.24,177.08,31151382
2023-01-13,177.88,180.98,176.94,180.74,40855553
2023-01-16,178.84,182.5,178.72,182.5,20281691
2023-01-17,181,182.66,180.16,180.94,31207511
2023-01-18,180.34,182.82,180.04,182.1,55985902
2023-01-19,178.86,179.72,175.84,177.38,34438199
2023-01-20,177.94,179.18,177.6,178.42,27839430
2023-01-23,178.56,180.18,178.56,179.88,26445387
2023-01-24,180.92,181.18,178.88,179.76,41893275
2023-01-25,179,181.72,178.6,181.72,59311967
2023-01-26,182.52,185.06,182.24,185.04,109872375
2023-01-27,185.76,185.98,184.3,185.78,22327860
2023-01-30,184.7,186.76,183.14,186.66,33763580
2023-01-31,185.72,186.42,183.48,185.84,31947853
2023-02-01,185.84,186.88,183.24,186.48,28527540
2023-02-02,186.36,188.72,185.3,188.4,27188071
2023-02-03,187.36,188.94,185.8,188.64,21357380
2023-02-06,187.6,188.7,185.64,186.54,17931883
2023-02-07,187.64,190.1,186.58,188.84,27257436
2023-02-08,189.4,190.38,188.48,189.72,20120348
2023-02-09,189.56,193.16,189.56,189.6,158538872
2023-02-10,187.28,188.68,185.42,185.72,46689161
2023-02-13,186.6,187.5,185.44,186.32,21870906
2023-02-14,186.58,188.84,186,187.32,21599769
2023-02-15,175,176.98,167.58,172.6,144966337
2023-02-16,172.34,175.16,170.58,174.66,49374194
2023-02-17,173.32,176.4,172.28,173.5,64702066
2023-02-20,174.4,176.46,173.82,175.88,35128709
2023-02-21,176.04,176.04,171.42,171.42,114830121
2023-02-22,170.32,173.16,168.74,172.82,35163655
2023-02-23,168.42,174.86,168.18,172.6,40518994
2023-02-24,173,174.4,170.38,170.58,47280571
2023-02-27,171.4,173.16,171.4,172.64,65039485
2023-02-28,171.08,175.42,171,174.64,77677027
2023-03-01,175.5,176.78,173.74,174.42,66688362
2023-03-02,174.18,174.38,171.6,171.76,47614942
2023-03-03,171.96,173.4,170.56,171.48,28320132
2023-03-06,171.48,172.46,170.6,172.34,12810497
2023-03-07,171.92,172.84,168.7,168.92,40741359
2023-03-08,168.1,169.36,167.96,168.88,54618563
2023-03-09,167.3,167.72,162.36,163.42,49699846
2023-03-10,151.28,159,151.28,157.42,115174718
2023-03-13,157,157.54,146.06,147.48,137764902
2023-03-14,147.24,155.48,146.2,152.06,101874320
2023-03-15,151,152.42,138.06,138.24,149633932
2023-03-16,142,143.78,139.82,142.38,158923216
2023-03-17,142.42,145.38,137.74,139.56,144812125
2023-03-20,131.58,138.04,128.16,136.36,147930521
2023-03-21,139.18,145.1,138.76,143.14,101651780
2023-03-22,141.42,147.84,140.68,142.66,96414561
2023-03-23,141.1,144.4,139.64,139.78,75878807
2023-03-24,137.36,137.74,130.06,133.9,124849932
2023-03-27,137.3,138.7,135.04,137,88189227
2023-03-28,139,140.4,135.84,137.18,80446359
2023-03-29,137.8,142.02,137.7,142.02,136034186
2023-03-30,142.56,146.48,142.54,144.82,110866685
2023-03-31,143.94,147.02,143.94,145.8,70480092
2023-04-03,146.66,149.96,146.46,148.26,61316572
2023-04-04,148.54,150.22,146.5,146.5,85429670
2023-04-05,148.4,150.22,147.22,147.72,79983446
2023-04-06,148.56,152,148.44,151.62,77732100
2023-04-11,151.78,154.06,151.78,152.54,155427194
2023-04-12,153.38,154.58,152.7,153.06,75043727
2023-04-13,152.58,154.58,152.22,152.94,67937747
2023-04-14,153.7,158.58,153.04,157.88,102778899
2023-04-17,158.92,159.08,153.58,154.28,48532054
2023-04-18,155.6,157.22,154.96,154.96,34842720
2023-04-19,154.62,156.04,154.26,155.4,23709051
2023-04-20,156.26,158.02,154.1,154.46,51785070
2023-04-21,153.34,154.5,152.18,153.24,34635495
2023-04-24,152.3,155.02,152.18,154.2,36313960
2023-04-25,153.52,154.16,150.84,151.46,41514946
2023-04-26,151.46,154.46,149.68,153.86,49550436
2023-04-27,156.22,162.26,155.4,162.04,78793688
2023-04-28,160.38,162.74,156.94,159.88,41563257
2023-05-02,158.14,162.04,154.48,154.94,49769428
2023-05-03,156.38,156.4,151.74,153.26,73452404
2023-05-04,152.18,153.78,146.78,148.24,41318797
2023-05-05,149.42,153.62,149.42,153.24,35537126
2023-05-09,154.44,156.06,152.9,153.58,71557794
2023-05-10,154.04,156.06,152.68,153.22,100719834
2023-05-11,153.7,154.94,150.82,153.48,37699768
2023-05-12,154.96,155.66,153.66,153.9,22601842
2023-05-15,155.8,155.98,153.48,155.02,14615597
2023-05-16,155.22,156.54,154.06,154.4,65808944
2023-05-17,153.32,156.24,152.8,155.96,19770009
2023-05-18,157.76,159.28,157.58,158.06,24764647
2023-05-19,158.6,160.38,157.56,159.42,39076824
2023-05-22,158.32,161,158.08,160.08,48913521
2023-05-23,160.36,163.76,159.96,163.44,25118768
2023-05-24,161.34,161.62,157.76,158.66,26590965
2023-05-25,157.98,158.68,155.42,156.98,21692176
2023-05-26,157.9,157.9,154.3,157.32,35862972
2023-05-30,157.02,157.94,155.08,155.8,18218560
2023-05-31,154.8,155.42,150.54,151.34,87428261
2023-06-01,152.02,154.18,151.28,152.62,66415327
2023-06-02,154,157.36,153.98,156.76,46644665
2023-06-05,157.16,158.42,154.54,155.78,17458498
2023-06-06,154.98,158.22,153.34,158.2,24565612
2023-06-07,158.28,158.54,156.46,158.24,23106469
2023-06-08,158.78,159.5,156.94,157.6,17716412
2023-06-09,157.62,158.36,155.62,156.34,31345921
2023-06-12,157.08,157.6,155.18,155.24,26578620
2023-06-13,155.48,157.44,153.9,156.76,103425892
2023-06-14,157.04,158.78,156.72,157.44,20989017
2023-06-15,157.44,157.76,153.12,153.8,77609910
2023-06-16,154.08,155.38,153,153.94,101253358
2023-06-19,153.7,155.82,153.18,153.46,13924531
2023-06-20,153.56,156.04,153.3,154.32,19125932
2023-06-21,153.32,154.1,151.44,151.46,41614170
2023-06-22,149.66,149.76,146.88,146.96,52493524
2023-06-23,145.52,146.08,143.3,145.22,41598622
2023-06-26,144.62,145.62,141.44,144.92,33921705
2023-06-27,145.26,147.32,144.32,146.32,21529834
2023-06-28,147.02,148.92,146.76,148.34,28271599
2023-06-29,148.68,151.86,148.56,151.32,41115318
2023-06-30,152.82,154.6,152.46,153.38,39518151
2023-07-03,154.58,156.72,154.32,155.62,28280882
2023-07-04,155.04,156.24,152.02,152.56,17870487
2023-07-05,151,152.12,149.4,150.04,43163289
2023-07-06,147.9,148.52,145.92,146.7,38697741
2023-07-07,146.18,148.98,146.18,148.72,29450409
2023-07-10,147.76,149.5,147.66,148.72,23448396
2023-07-11,148.38,150.02,148.24,149.86,48047287
2023-07-12,150.78,157.14,150.7,154.8,47980417
2023-07-13,154.66,156.56,154.18,155.7,71642871
2023-07-14,155.7,157.5,155,155.1,41907830
2023-07-17,154.34,156.96,154.34,156.06,19453247
2023-07-18,155.5,159.38,154.86,159.38,39312111
2023-07-19,163.48,164.56,161.32,164.28,118509859
2023-07-20,164.5,166.24,164.36,164.36,29099236
2023-07-21,164.24,165.08,162.72,163.26,48356749
2023-07-24,161.16,164.54,161.16,164.36,17236701
2023-07-25,164.84,165.02,163.28,163.52,18551553
2023-07-26,162,164.06,160.3,164.06,27428782
2023-07-27,156,158.84,153.06,155.4,104746692
2023-07-28,153.12,156.6,153.12,155.74,37756906
2023-07-31,155.24,156.66,154.96,154.96,41439055
2023-08-01,154,155.5,151.42,151.42,41550164
2023-08-02,148.5,149.96,145.98,146.46,57040917
2023-08-03,145.96,150.04,144.96,149.16,57132976
2023-08-04,150,151.4,149.04,150.74,26360950
2023-08-07,151.12,152.5,149.94,150.82,40570055
2023-08-08,149.2,150.52,146.1,147.08,40910767
2023-08-09,149.56,150.7,148.76,148.9,86031726
2023-08-10,147.64,149.12,147.1,148,36325951
2023-08-11,147.32,148.68,146.12,146.6,31925648
2023-08-14,146.24,146.94,145.12,145.88,39239686
2023-08-15,146,146.38,143,143.54,28344045
2023-08-16,143.28,145.48,142.9,145,50752319
2023-08-17,144.84,146.1,144.6,145.42,29310433
2023-08-18,144.64,145.58,143.34,144.24,27512973
2023-08-21,143.86,146.04,143.66,143.66,22173472
2023-08-22,144.54,145.32,142.7,142.7,34256300
2023-08-23,142.8,144.04,142.7,143.04,86181183
2023-08-24,145.18,146.04,143.96,144.54,24601950
2023-08-25,145.66,146,143.64,143.98,20465367
2023-08-29,145.32,149.96,145.22,149.96,52760042
2023-08-30,150.62,152.54,148.98,149.04,29777075
2023-08-31,149,149.9,147.36,147.36,56729612
2023-09-01,148.1,149.98,147.98,149.06,27326603
2023-09-04,149.94,151.64,149.72,150.8,30146626
2023-09-05,149.98,151.34,148.38,149.64,64373046
2023-09-06,148.68,150.36,148.06,149.22,25186830
2023-09-07,148.5,149.72,147.82,147.98,24059524
2023-09-08,147.5,148.72,145.86,148.24,92559662
2023-09-11,147.94,150.56,147.94,149.9,28151720
2023-09-12,150.8,153.76,150.66,153.58,42675861
2023-09-13,154.12,157.96,153.86,157.24,45204574
2023-09-14,157.38,160.46,156.82,160.08,46592313
2023-09-15,161.02,163.18,160.32,161.46,95245108
2023-09-18,160.78,162.02,158.58,158.8,30159436
2023-09-19,158,160.06,157.66,159.22,35030804
2023-09-20,160.26,162.14,159.58,159.58,49443117
2023-09-21,156.2,157.8,153.76,156.7,101649512
2023-09-22,156.2,158.52,154.92,155.32,63665727
2023-09-25,154.24,157.9,153,153.64,31285690
2023-09-26,156.24,161.02,155.86,159.68,57010417
2023-09-27,158.24,160.68,157.48,158.12,44397025
2023-09-28,157.42,159.12,156.92,159.08,31913112
2023-09-29,159,159.98,158.42,158.94,47529159
2023-10-02,159,160.34,155.82,155.82,34149954
2023-10-03,155.02,156.76,154.1,154.28,49422328
2023-10-04,153.06,155.38,152.36,153.88,47005528
2023-10-05,153.64,153.86,151.58,152.52,40701456
2023-10-06,152.8,155.16,152.78,154.76,27501875
2023-10-09,152.76,154.22,151.6,152.02,65100536
2023-10-10,153.48,157.68,153.48,156.78,46151859
2023-10-11,155.52,158.44,155.52,157.18,31683307
2023-10-12,157.88,157.88,151.16,152.28,70870493
2023-10-13,151.82,154.64,150.7,153.08,48831138
2023-10-16,153.18,154.32,152.62,153.26,53256134
2023-10-17,152.84,155.2,152.74,154.8,49166082
2023-10-18,155.28,155.34,151.46,151.64,32855695
2023-10-19,150.5,150.5,147.64,147.8,60376953
2023-10-20,146.86,147.46,144.32,144.86,71027245
2023-10-23,145.28,145.68,143.48,144.04,43059578
2023-10-24,136.48,139.86,129.58,134.64,119659255
2023-10-25,132.28,134.88,131.42,133.22,76612630
2023-10-26,131.68,133,130.62,132.24,70540765
2023-10-27,131.28,132.04,128.64,129.2,98106787
2023-10-30,128.54,131.06,128.34,130.66,60102076
2023-10-31,130.76,132.76,130.76,131.6,55502586
2023-11-01,131.7,133,128.92,129.34,64118027
2023-11-02,129.9,133.4,129.74,133.24,35920598
2023-11-03,134.2,137.3,133.9,136.34,35763911
2023-11-06,136.5,138,136,136.3,34139210
2023-11-07,135.8,137.28,135.78,136.22,26541070
2023-11-08,134.56,137.06,134.18,136.02,29514626
2023-11-09,135.94,137.6,134.88,136.98,57710185
2023-11-10,136.46,136.46,134.1,135.58,25413757
2023-11-13,136.56,137.02,136,136.74,31803455
2023-11-14,136.48,138.64,135.18,138.46,26715991
2023-11-15,139,142.2,139,139.88,64647934
2023-11-16,138.82,140.52,138.06,139.04,40382923
2023-11-17,140.1,143.2,139.78,142.8,39566527
2023-11-20,142.8,143.54,141.8,142.54,39490867
2023-11-21,141.5,142.06,140.16,141.72,20885928
2023-11-22,141.52,141.96,139.64,139.98,33759659
2023-11-23,139.68,141.24,139.52,140.24,44680451
2023-11-24,140.68,142,140.2,141.64,21281303
2023-11-27,141.22,141.98,140.2,140.2,16277027
2023-11-28,139.6,140.66,139.24,140.12,37092272
2023-11-29,138.88,140.82,138.3,140.3,37260280
2023-11-30,140.52,142.04,139.16,141.04,88216617
2023-12-01,141.28,143.34,140.76,142.36,34100824
2023-12-04,142.8,143.68,141.92,142.98,58569218
2023-12-05,136.5,140.12,136.5,139.46,117463540
2023-12-06,140.46,141,138.34,140.24,309071142
2023-12-07,139.2,140.22,138.1,140.14,44771743
2023-12-08,140.72,144.22,140.72,143.28,58692654
2023-12-11,143.82,144.62,141.74,142.5,59341287
2023-12-12,143.04,143.34,141.62,141.68,36126207
2023-12-13,140.54,142.14,140.42,141.08,59678930
2023-12-14,143.9,150.6,143.58,150,176673102
2023-12-15,150.78,151.76,145.98,146.64,103975982
2023-12-18,145.2,148.02,144.92,146.5,22514276
2023-12-19,145.56,148.48,145.14,147.66,42444436
2023-12-20,151.22,152.36,148.9,151.64,75955329
2023-12-21,150.04,151.6,149.52,151.42,55268216
2023-12-22,149.9,152.08,149.88,151.78,13070297
2023-12-27,152.6,154.66,152.2,153.66,26184336
2023-12-28,153.46,154.02,152.8,153.5,21442794
2023-12-29,153.38,153.78,152.98,153.78,10578303
2024-01-02,154.1,155.5,153.4,155.28,94542523
2024-01-03,155.3,156.4,152.16,153.12,60606163
2024-01-04,153,155.78,152.58,155.58,108657862
2024-01-05,153.34,156.38,152.7,155.6,37399562
2024-01-08,154.14,155.68,153.96,154.82,103418887
2024-01-09,153.26,154.94,153.26,154.28,18430452
2024-01-10,152.88,154.52,152.32,152.64,69093738
2024-01-11,152,152.58,144.82,145.58,91243689
2024-01-12,146.38,148.62,145.54,145.54,50953321
2024-01-15,145.76,147.04,144.3,144.98,133986526
2024-01-16,143.94,144.82,141.22,141.4,35953235
2024-01-17,140.2,141.66,138.5,140.68,45080070
2024-01-18,140.84,141.94,139.42,140.72,42768637
2024-01-19,142.38,142.74,140.36,141.04,113629727
2024-01-22,143.66,145.64,143.14,144.94,36259223
2024-01-23,145.76,147.9,145.74,146.78,27395162
2024-01-24,148.38,149.64,146.44,147.34,84852530
2024-01-25,146.96,147.58,145.02,145.38,47524415
2024-01-26,146.76,150.4,146.48,149.24,29055466
2024-01-29,149.42,150.58,147.38,147.54,31299311
2024-01-30,148.6,150.62,147.94,150.26,21202090
2024-01-31,150.9,151.22,148.42,148.42,67089613
2024-02-01,146.44,149.36,145.14,146.04,30614570
2024-02-02,148.76,151.66,148.44,150.72,31830750
2024-02-05,150.66,151.28,145.34,145.68,66340122
2024-02-06,146.52,147.78,146.16,146.3,48838185
2024-02-07,146.36,146.82,143.04,144.4,77270341
2024-02-08,145.36,145.84,143.04,143.16,21760942
2024-02-09,143.84,144.32,141.1,142.28,28838646
2024-02-12,142.22,143.62,141.16,142.88,22934953
2024-02-13,142.86,143.28,139.54,140.48,91445142
2024-02-14,140.48,143.2,140.48,142.02,17014136
2024-02-15,143,144.42,141.68,143.42,55601953
2024-02-16,144.84,147.48,143.2,146.72,38348527
2024-02-19,146.56,150.46,146.5,149,38658012
2024-02-20,157.54,162.98,154.88,161.8,143877464
2024-02-21,162.8,166.68,161.78,162.76,163049918
2024-02-22,163.28,164.32,159.1,163.68,53761544
2024-02-23,162.86,164.86,162.38,163.74,55444497
2024-02-26,162.9,166.7,162.82,165.84,59511408
2024-02-27,164.6,167.4,164.6,166.86,38751376
2024-02-28,166.18,169.9,166.14,168.9,56183655
2024-02-29,163.66,166.66,162.18,164.46,110800848
2024-03-01,165.12,172.08,164.98,169.52,187325677
2024-03-04,168.32,170.46,167.3,170.14,73813990
2024-03-05,168.24,170.32,167.64,169.46,55762395
2024-03-06,169,173,169,170.92,87938434
2024-03-07,171.2,173.4,170.3,173.06,111717909
2024-03-08,172.64,173.88,168.44,172.24,59143288
2024-03-11,169.38,174.38,169.06,173.8,137094836
2024-03-12,174.66,178.46,174.06,177.58,63898102
2024-03-13,177.64,179.26,175.02,177.06,79857591
2024-03-14,176.56,177.78,173.82,174.4,42841599
2024-03-15,174.14,178.64,174,176.92,117586336
2024-03-18,176.62,177.5,175.7,176.52,43582971
2024-03-19,175.8,176.8,174.12,175.06,38894707
2024-03-20,174.06,175.98,173.8,175.74,88814638
2024-03-21,179,183.62,178.8,181.84,81665407
2024-03-22,181.62,182.84,179.84,180.8,34353481
2024-03-25,180.72,182.58,179.94,181.48,82797106
2024-03-26,181,181.82,179.98,180.78,128129984
2024-03-27,179.64,183.26,179.64,181.52,85794046
2024-03-28,183.32,185.68,182.82,183.2,54858025
2024-04-02,181.96,185.52,181.96,184.12,95958125
2024-04-03,183.54,189.22,183.52,188.54,73013964
2024-04-04,188.74,194.12,188.6,193.16,101520061
2024-04-05,190.06,191.48,188.56,189.74,45929447
2024-04-08,189.32,193.34,188.3,193.18,42259039
2024-04-09,192.44,193.38,188.9,188.9,50866409
2024-04-10,189.94,190.94,187.4,189.48,51917164
2024-04-11,186.92,188.92,182.56,183.64,80275550
2024-04-12,185.14,186.32,182.46,182.86,67912255
2024-04-15,183.8,185,182.22,183.14,41143593
2024-04-16,178.94,180.46,176.24,178.48,144230906
2024-04-17,177.78,181.1,177.46,179.94,58349174
2024-04-18,181.3,183.98,181.14,183.98,72982970
2024-04-19,182.28,185.9,181.5,185.84,59013824
2024-04-22,188.16,190.04,186.84,189.18,42043695
2024-04-23,191.24,193.58,190.48,192.24,81046062
2024-04-24,192.56,193.44,190.24,191.14,159914286
2024-04-25,195.96,206.7,194,204,174179117
2024-04-26,202,205,199.2,204.35,107959690
2024-04-29,204,207.45,202.75,203.65,41778612
2024-04-30,202.65,205.45,202.6,202.7,44652322
2024-05-01,200.75,205.25,198.84,203.45,79051171
2024-05-02,204.85,205.35,200.8,201,61859527
2024-05-03,202.5,203.4,199.58,202.35,47827113
2024-05-07,204.25,210.65,204.1,210.35,95337526
2024-05-08,210.9,213.2,209.6,211.65,54664931
2024-05-09,215,215,211.9,213.25,32434866
2024-05-10,213.3,215.15,212.6,213.95,44867099
2024-05-13,213.95,216.15,213.55,214.55,34622487
2024-05-14,214.1,218,213.75,217.2,36942402
2024-05-15,217.55,218.25,212.15,213.1,39563337
2024-05-16,213.3,215.55,213.25,214.9,45743448
2024-05-17,214.55,216.75,214.55,216.75,38843437
2024-05-20,217.35,218.15,216.3,216.75,24874213
2024-05-21,215.35,217.65,213.6,217.55,34485145
2024-05-22,217.1,217.6,211.45,211.45,76075814
2024-05-23,211.3,216,210.9,215,59978110
2024-05-24,212.55,216.65,210.75,216.15,42916160
2024-05-28,216.65,220.1,216.55,219.1,97926592
2024-05-29,218.25,219.5,213.6,214.15,81883936
2024-05-30,212.55,219.5,212.55,218.55,47795152
2024-05-31,219.2,220.3,217.45,220,82218581
2024-06-03,222.05,224.25,219.05,219.2,47887792
2024-06-04,218.65,219.05,215,215,96266689
2024-06-05,216.3,216.65,211.85,212.65,54732210
2024-06-06,212.75,216.25,211.5,216.15,78914345
2024-06-07,216.05,218.25,213.3,217.25,96238708
2024-06-10,214.7,215.3,212.55,214.75,41892783
2024-06-11,215.45,216.45,208.85,209.05,62590795
2024-06-12,210.5,212.55,206.3,208.7,130991228
2024-06-13,208.1,208.4,204.65,205.15,91990995
2024-06-14,205.75,206.1,197.68,202,77082657
2024-06-17,203.75,205.7,202.05,204.9,79510265
2024-06-18,207.2,207.9,205.15,206,58351028
2024-06-19,206.3,208.3,205.7,206.7,34889006
2024-06-20,206.45,208.2,206.3,208.05,78618616
2024-06-21,208.05,208.9,202.9,204.85,85228878
2024-06-24,204.95,208.3,204.55,207.55,50595956
2024-06-25,207.4,208.65,205.75,206.15,62344856
2024-06-26,207.1,207.9,204.65,205.85,86932141
2024-06-27,206.25,211.55,206.25,209.75,55243693
2024-06-28,210.15,211.85,208.8,208.9,40264979
2024-07-01,212,213.45,210.8,213.2,39103981
2024-07-02,212,213.3,210.2,210.75,42471582
2024-07-03,213.3,218.15,212.9,218.15,47996480
2024-07-04,219,224.5,219,224.35,70585662
2024-07-05,223.95,225.4,219.35,220.55,62764166
2024-07-08,219.55,224.9,218.9,222.05,42154602
2024-07-09,221.8,222.75,215.55,216.75,42282199
2024-07-10,217.15,219.65,216.85,219.55,37845061
2024-07-11,220.05,222.6,218.95,222.6,39455797
2024-07-12,224.2,224.7,221.6,222.45,32863299
2024-07-15,219,225.75,218.35,225.75,50879577
2024-07-16,224.55,227.65,223.55,227.35,39118646
2024-07-17,227.5,233,227.35,230.7,58691836
2024-07-18,232.6,234.3,228.4,228.6,30816784
2024-07-19,225.35,231.15,225.35,228.65,26127466
2024-07-22,229.65,231.55,228,230.85,26026695
2024-07-23,231.5,231.9,229.5,230.5,25145346
2024-07-24,229.15,230.6,227.6,228.4,41895286
2024-07-25,222.7,228.05,222.45,227.9,122205338
2024-07-26,231,232.05,229.4,231.4,34080525
2024-07-29,232.35,236.9,231.55,232.75,37775372
2024-07-30,232.45,234.85,232.2,234.05,27716677
2024-07-31,235,236.25,231.45,233.8,67449383
2024-08-01,237,241.65,222.25,222.9,70189217
2024-08-02,220.35,221.3,207,209.1,79681248
2024-08-05,201.05,206.85,196.44,206.2,132361965
2024-08-06,211.45,212.95,205.65,208.2,42550008
2024-08-07,212.4,217.35,211.15,214.75,34121303
2024-08-08,213.15,216.65,210.15,214,89969114
2024-08-09,215.35,218.65,214.3,218.25,55429932
2024-08-12,219.85,221.7,218.7,220.1,25894995
2024-08-13,220.35,221.55,218.35,219.25,49951914
2024-08-14,222.2,223,220.15,221.6,23166080
2024-08-15,220.3,227.75,219.05,227.75,37720588
2024-08-16,225.9,229.25,225.35,228.3,24567341
2024-08-19,227.3,229.6,226.55,229,19484792
2024-08-20,229.3,229.55,225.25,226,20957190
2024-08-21,226.4,227.1,224.1,224.85,48959784
2024-08-22,224.75,227.1,223.6,225.4,34155635
2024-08-23,226.1,230.45,225.85,230.45,25996351
2024-08-27,229.5,230.4,226.4,230.2,34832552
2024-08-28,230.9,231.05,221.7,223.9,27776677
2024-08-29,223,228.2,223,226.05,23203038
2024-08-30,226.75,228.7,226.45,228.4,33995001
2024-09-02,228.85,229.75,226.55,227.15,17872003
2024-09-03,226.3,227.55,221.8,223.05,27378608
2024-09-04,219.3,224.45,219.1,223.7,29048790
2024-09-05,222.25,230.75,221.3,228.55,30394843
2024-09-06,227.2,227.7,220.35,220.85,25949375
2024-09-09,220.85,224.45,220.8,224,23793597
2024-09-10,222.85,224.9,216.7,216.7,35297193
2024-09-11,218.65,219.85,213.95,215.15,66928057
2024-09-12,219,220.65,216.9,218.6,84571938
2024-09-13,218.5,221.5,218.2,221.15,26828833
2024-09-16,220.35,222,219.3,221,23352431
2024-09-17,222.3,226.25,222.15,225,41836456
2024-09-18,223.9,225.05,223.1,223.5,46038527
2024-09-19,227,227.65,224.7,227.65,47880775
2024-09-20,226.9,229.1,225.5,226.75,69402309
2024-09-23,227.3,227.5,221.9,223.2,28963678
2024-09-24,223.75,229.85,223.55,226.4,41617232
2024-09-25,224.05,228.35,222.4,223.2,25163698
2024-09-26,225.5,228.35,225.5,227.05,38928906
2024-09-27,225.2,229.25,224.3,229.25,38836293
2024-09-30,226.3,228.6,223.55,224.55,30475294
2024-10-01,224.7,226.35,218.45,219.7,35105841
2024-10-02,219.85,222.6,218,220.2,44979363
2024-10-03,219.45,222.15,216.2,219.35,40271438
2024-10-04,219,228.25,219,226.25,39320183
2024-10-07,226.8,229.85,225,229.65,28441204
2024-10-08,228.4,230.15,227.35,228.45,22265092
2024-10-09,228.9,230.65,227.2,230.65,21968348
2024-10-10,230.6,233.75,230.6,231.15,45453313
2024-10-11,231.05,235.85,230.1,235.85,31789043
2024-10-14,235.7,235.9,232,232.9,57673311
2024-10-15,233.3,234.15,231.65,234.05,38896576
2024-10-16,233.45,237.2,233,237.05,35189461
2024-10-17,237.95,246,237.85,245.1,52767389
2024-10-18,244.8,245.05,240.6,242.25,61009377
2024-10-21,241.85,243.25,239.75,239.75,25124465
2024-10-22,238.65,242.2,237.3,242.2,32138237
2024-10-23,242.8,244.1,237.85,238.15,30653807
2024-10-24,246.7,251.25,240.9,248.05,64440060
2024-10-25,248.8,250.4,241.4,241.4,99402220
2024-10-28,240.4,242.15,235,241.8,38999270
2024-10-29,242.7,244,237.5,238.8,83286742
2024-10-30,237,247.3,236.9,242.1,52249910
2024-10-31,239.15,242.4,236.2,237.5,54088115
2024-11-01,235.7,242.15,235.45,240.6,34968637
2024-11-04,239.35,245.7,239.2,243.5,133591019
2024-11-05,242.75,245.45,242.15,244.9,28591141
2024-11-06,250.95,258.15,250.9,258.15,109014314
2024-11-07,259.3,259.7,253.7,253.85,37077657
2024-11-08,251.9,253.85,248.4,251.5,29463841
2024-11-11,254.3,261.6,253.8,260.65,47158973
2024-11-12,257.5,260.5,256.5,257.5,35440090
2024-11-13,256.85,263.15,256.65,258.85,37127842
2024-11-14,258.25,258.65,255.55,256.6,25442875
2024-11-15,253.95,259.35,249.45,259.35,39728022
2024-11-18,259.45,261.75,258.65,260.85,62281442
2024-11-19,260.35,261.45,253.3,255.85,51889335
2024-11-20,256.85,260.8,256.85,258.95,31095842
2024-11-21,260.05,262.65,256.05,262.65,32355750
2024-11-22,262.4,264.8,250.4,257.2,75378934
2024-11-25,258.05,265.4,256.25,263.65,78251572
2024-11-26,263.9,265.1,259.65,260.95,60513917
2024-11-27,258.45,260.15,256.3,258.95,38376963
2024-11-28,259.4,265.5,259.4,265.1,27795051
2024-11-29,263.9,265.5,262,263.8,33732740
2024-12-02,262.5,265.1,260.55,262.85,37219828
2024-12-03,263.35,268.3,263.35,264.6,44720091
2024-12-04,264.35,266.15,262,262.1,29800816
2024-12-05,263.55,267.65,263.55,267.55,26092339
2024-12-06,267.85,269.45,264.25,264.8,34652434
2024-12-09,266.4,269.1,265.5,267.55,21226133
2024-12-10,265.7,268.25,263.55,264.2,23272737
2024-12-11,262.15,268.95,261.65,266.65,66367713
2024-12-12,268.95,272.05,267.55,270.7,30383450
2024-12-13,269.65,271.95,268.3,269.4,17943580
2024-12-16,269.55,273.25,268.75,270.3,31793460
2024-12-17,269.45,270.35,264.1,264.55,61963968
2024-12-18,264.1,267.95,263.8,267.05,25399661
2024-12-19,257.6,260.85,257.2,260.25,51575171
2024-12-20,256.8,261.25,254.8,260.25,68228161
2024-12-23,261.2,262.05,259.3,261.6,13605305
2024-12-24,262.95,264.05,262.4,263.55,8298189
2024-12-27,264.35,265.85,263.6,264.9,15970484
2024-12-30,262.6,265.75,261.75,264.75,14724719
2024-12-31,264.25,268.15,263.4,268.15,9253099
2025-01-02,266.15,268.15,260.65,266.9,16234904
2025-01-03,266.3,268.5,265.65,266.45,22674822
2025-01-06,268.9,272.9,267.35,272.8,33697063
2025-01-07,271.8,272.35,264,265.7,36053588
2025-01-08,267.85,272.6,260.15,265,42976306
2025-01-09,262.5,266.05,261.05,265.85,77895220
2025-01-10,264.55,266.35,256.6,258.05,58858463
2025-01-13,257.85,261.65,255.15,260.7,44675614
2025-01-14,262.15,264.1,258.45,263.8,29124701
2025-01-15,267.7,282.45,267.7,280.95,65565586
2025-01-16,285,285.6,281.25,282.7,37501667
2025-01-17,286.05,291.75,284.8,289.35,51385499
2025-01-20,292.35,293.6,290.05,291.85,28352078
2025-01-21,294,298.1,292.55,295.95,39436643
2025-01-22,298,299.3,292.9,293.75,119155572
2025-01-23,292.4,299.1,292.4,298.65,37652718
2025-01-24,297,297.5,292.45,293.05,22990549
2025-01-27,287.6,292,287.55,288.4,33626143
2025-01-28,286,290,285.1,289.35,39485551
2025-01-29,290.2,298.4,289.65,296.3,44836689
2025-01-30,295.7,297.5,294.35,295.8,32430324
2025-01-31,294.65,298.55,294.65,297,29162819
2025-02-03,288.1,291.65,286.85,290.55,109731938
2025-02-04,292.3,294.25,289.15,294.25,38513525
2025-02-05,292.6,295.3,291.35,295.3,28853413
2025-02-06,298.3,307.95,296.6,307.5,74428801
2025-02-07,306,307.35,302.9,304.7,31910538
2025-02-10,304.65,307.7,302.75,302.75,25448783
2025-02-11,302.5,307.6,301.8,306.45,27287744
2025-02-12,307.8,312.35,306.2,307.75,38726785
2025-02-13,295.6,301.55,287.85,293.25,95487410
2025-02-14,292.9,295.55,291.45,294.6,80572764
2025-02-17,298.6,306.1,298.55,304.4,48798577
2025-02-18,305.55,310.45,304.95,308.2,31610524
2025-02-19,309.15,312.55,305.4,305.95,38353533
2025-02-20,305.9,309.35,297.85,298.4,44965737
2025-02-21,299.95,306.05,299.9,303.8,41171276
2025-02-24,301.85,303.65,295.65,298.75,39817525
2025-02-25,297.9,304.9,296.85,296.85,58511638
2025-02-26,304.65,309.95,301.45,308.95,69455584
2025-02-27,301.7,303,296.15,301.05,136383465
2025-02-28,299.1,311.3,297.3,311.3,104348091
2025-03-03,310.5,316,305.65,311.1,47887027
2025-03-04,307,308.75,290.9,292.4,71125845
2025-03-05,307,312.5,301.35,303.45,109193473
2025-03-06,308,311,304,308.4,69237234
2025-03-07,302.35,306.75,298.5,298.75,39777130
2025-03-10,299.7,300.6,280.25,284.55,96013777
2025-03-11,283.45,284.9,277.75,283.55,64205536
2025-03-12,287.2,294.25,286.25,292.1,53815331
2025-03-13,292.05,295.9,286.75,288.85,35149260
2025-03-14,287.3,295.35,285.45,294.75,40187488
2025-03-17,296.3,297.25,291.65,294.85,47951738
2025-03-18,296.85,304.7,295.15,303.65,54934802
2025-03-19,301.65,306,299.65,304.9,40816410
2025-03-20,306.45,308.25,298.8,302.05,35080182
2025-03-21,299.55,301.75,293.1,297.45,72074784
2025-03-24,300.1,305.8,299.35,303.6,34814034
2025-03-25,303.2,308.9,303.2,308,73406373
2025-03-26,308.9,311.6,304.4,309.25,33447570
2025-03-27,303,305.8,298.85,303.5,49575169
2025-03-28,298,301.05,293.2,293.5,52813410
2025-03-31,289.15,290.75,284.7,287.8,79020262
2025-04-01,291.95,296,291.6,293.9,42981084
2025-04-02,292.4,296.75,289.25,296.75,33005123
2025-04-03,285,286.6,268.45,270.9,83298971
2025-04-04,264.35,265.3,240.2,250.05,148960169
2025-04-07,223.75,255.35,223.75,240.4,43590944
2025-04-08,245.5,259.95,243.15,254.05,91562896
2025-04-09,241.4,249,238.55,241.65,67187218
2025-04-10,309,310,260.25,260.25,103159497
2025-04-11,262.65,264.1,251.1,257.95,74749197
2025-04-14,263.55,272.85,262.5,270.4,30875395
2025-04-15,270.05,279.6,269.7,279.2,42882246
2025-04-16,275,278.65,273.5,278,82382137
2025-04-17,278,279.7,274.15,277.3,27299550
2025-04-22,276.8,280,275.35,280,22340338
2025-04-23,285,297.35,284.85,293.75,22069049
2025-04-24,293.2,293.9,287.9,289.6,20374990
2025-04-25,291.45,293,289,292.85,22356592
2025-04-28,291.25,298.55,291.25,295.1,20112551
2025-04-29,297.7,301.7,295.4,298,28909292
2025-04-30,301,310,288,296.8,41334216
2025-05-01,292.75,299.2,292.05,294.8,19167942
2025-05-02,298.35,302.05,293.8,301.05,23649549
2025-05-06,301.2,303.4,292.35,298.1,26507659
2025-05-07,298.15,299.5,293.8,296.15,34493794
2025-05-08,299.75,305.35,299.75,305.05,28727043
2025-05-09,307.2,307.95,305.05,307,19420452
2025-05-12,313,320.4,310.9,313.3,32916376
2025-05-13,310.25,317.7,310.25,316.85,23588074
2025-05-14,316.85,320.85,313.35,320.3,19751607
2025-05-15,320.3,324.55,319.1,322.3,20710127
2025-05-16,323.2,326.4,322.55,325.5,27820510
2025-05-19,322.95,327,321.55,325.7,21988330
2025-05-20,327.4,330.75,326,329.6,17227596
2025-05-21,328.25,331,327.05,328,19917274
2025-05-22,325.7,328.35,321.9,326.65,22558288
2025-05-23,326.6,330,312.1,323.3,21878747
2025-05-27,325.2,328.7,324.5,328.1,18055736
2025-05-28,326.35,329.15,323.8,323.95,14787077
2025-05-29,327.8,329.3,325.3,326.05,16186903
2025-05-30,326.1,328.4,323,327.5,44029381
2025-06-02,324.9,327.95,322.9,327.05,12972857
2025-06-03,327.2,329.65,322,329.25,18288205
2025-06-04,330,331.95,324.9,325.95,23526983
2025-06-05,324.2,327.95,324.2,327.05,17958120
2025-06-06,328.15,334.2,326.8,333.2,18481579
2025-06-09,333.2,334.1,329.85,332.45,13457427
2025-06-10,331,332.4,323.35,323.35,21362896
2025-06-11,323.65,326.55,322.75,323,23695352
2025-06-12,318.1,325.35,317.05,323.95,30276166
2025-06-13,317.95,319.3,315.5,319.3,19885523
2025-06-16,320.9,326,319.65,325.6,21175044
2025-06-17,323.85,324.7,320.4,321.75,21922862
2025-06-18,323,326.4,322.45,325.15,26704424
2025-06-19,325,325.1,319.75,319.75,10695552
2025-06-20,321.25,327.3,321.25,324,47262913
2025-06-23,322.2,323.85,317.85,318.65,24584331
2025-06-24,327.95,333.5,327.1,333.5,53443541
2025-06-25,333.5,333.7,328.55,331.85,28326349
2025-06-26,332,335.7,330.8,331.2,27767378
2025-06-27,334.15,340.3,334.15,338.55,35720599
2025-06-30,338.8,339.15,332.45,337.3,22865391
2025-07-01,335.8,336.8,329.45,329.7,24617583
2025-07-02,336.05,338,321.95,325.75,51318423
2025-07-03,327,334.05,325.35,332.35,33811657
2025-07-04,330.8,333.45,329.15,330.5,15476731
2025-07-07,331.65,336.15,331.55,334.3,19248214
2025-07-08,335.2,338.05,333.35,334.65,38120942
2025-07-09,336.3,339.65,336.05,339.65,33057727
2025-07-10,340.05,344.85,340.05,343.65,55679501
2025-07-11,344.45,345.4,338.25,339.25,26291575
2025-07-14,338.75,344,337.85,344,17404955
2025-07-15,346.3,346.75,341.05,343.35,37652535
2025-07-16,342.65,348.3,341.85,342.6,41093798
2025-07-17,346.5,352,343.7,351.2,21147896
2025-07-18,348,349.65,343.85,349.65,26646132
2025-07-21,348.7,352.8,346.3,352.8,43624091
2025-07-22,349.55,350.85,343.95,348.75,29163457
2025-07-23,350.15,352.85,346.6,351.85,54654264
2025-07-24,351.5,360.9,351.15,358.4,33393108
2025-07-25,359.25,362.05,354.9,360.5,73558090
2025-07-28,365,365.55,359.75,361.2,23321180
2025-07-29,359.6,372.7,355.2,371.2,54910973
2025-07-30,375,375.15,367,375,34619306
2025-07-31,374.65,376.15,370.75,371.3,52230372
2025-08-01,367.65,368.85,352.6,356.65,31946918
2025-08-04,361.25,365.25,360,362.45,46854272
2025-08-05,367.35,367.35,359.55,360.85,28505056
2025-08-06,366.1,366.1,362.8,364.9,64620801
2025-08-07,363.2,365.4,360.45,362,83644462
2025-08-08,363.15,367.95,361.7,367.95,71584352
2025-08-11,369.7,371,365.75,371,16640285
2025-08-12,371.9,374.95,370.3,374,26541665
2025-08-13,374.2,375.5,372.35,373.5,23288060
2025-08-14,374.9,375.05,372.3,374.9,20413339
2025-08-15,377.9,377.9,368.95,371.15,32981703
2025-08-18,370.65,372.05,366.75,371.2,20397846
2025-08-19,371.75,375.45,371.7,372.1,14132345
2025-08-20,370.35,373.55,368.1,372.7,20100018
2025-08-21,374.3,375.55,370.35,373.95,19805084
2025-08-22,374.45,378.3,373.55,376.45,23768320
2025-08-26,373.9,375.2,368.95,373.8,29403636
2025-08-27,375.7,376.2,367.25,371.4,34678914
2025-08-28,373.25,373.6,366.45,368.65,21372591
2025-08-29,364.95,366.7,352.85,360.4,43548289
2025-09-01,364,367.3,362.75,367.3,17417191
2025-09-02,369.05,369.65,358.4,359.7,28693331
2025-09-03,359.2,362.35,355.75,362.25,24744128
2025-09-04,362.85,370.3,361.5,370.25,23574721
2025-09-05,372.5,372.5,360.7,361.05,24020916
2025-09-08,364,366.55,363.25,366.55,19572415
2025-09-09,369.05,373.55,365.9,373.55,25656974
2025-09-10,374.35,377.15,372.25,375.05,30874965
2025-09-11,377,380.75,373.5,379.55,33834978
2025-09-12,380.4,381.25,378.5,380.1,14315611
2025-09-15,382,386.3,381.45,384.65,20158639
2025-09-16,385,385.65,373.95,374.85,51928207
2025-09-17,377.2,380.95,373.65,378.4,28082218
2025-09-18,379.75,384.65,377.15,384.55,24966437
2025-09-19,388.65,388.65,377.8,381.65,78944993
2025-09-22,382.25,384.35,379.25,383.35,27294342
2025-09-23,386.35,389.9,383.45,389.3,36179557
2025-09-24,384.45,387,379.75,385.05,23537903
2025-09-25,382.3,384.05,375.15,376.35,31719401
2025-09-26,377,383.45,377,382.6,28960805
2025-09-29,382.85,385.3,380.4,380.8,21435248
2025-09-30,382.25,385.1,379.4,379.6,35398710
2025-10-01,379,381.9,374.9,380.2,44205760
2025-10-02,381.25,384.6,379.4,380.3,37181357
2025-10-03,385,388.15,383.1,385.35,34745760
2025-10-06,385,385.45,378,381.1,28622908
2025-10-07,381.1,383.25,378.05,378.75,33197675
2025-10-08,380.05,385.95,379.55,382.8,45185809
2025-10-09,377.75,381.2,374.55,374.55,36965461
2025-10-10,373.3,378.65,371.95,372.5,29639365
2025-10-13,373.65,376.05,371.2,374.7,26450947
2025-10-14,372.65,381,369.75,381,25709451
2025-10-15,384.3,384.3,377.65,379.25,28507828
2025-10-16,379.4,383.15,375.2,379.25,23611230
2025-10-17,360.3,365.45,353.55,357.8,77116129
2025-10-20,361.2,363.55,357.6,361.8,34215853
2025-10-21,364.75,367.85,363.95,364.25,29867197
2025-10-22,372.5,384.6,371.25,382,114371754
2025-10-23,381.65,388.65,380.2,386.7,42702315
2025-10-24,386.65,388.3,380,388.3,33272193
2025-10-27,392.65,397.3,391,395.7,63440853
2025-10-28,398,404.45,393.6,404.45,72950638
2025-10-29,408.25,408.5,403.4,405.05,32672661
2025-10-30,405,407.35,401.2,405.85,53875055
2025-10-31,404.95,407.6,404.25,407,29240730
2025-11-03,407.6,408.8,404.7,406.6,106413186
2025-11-04,404.6,406.45,396.75,406.3,30126221
2025-11-05,403.6,406.7,401.6,405.75,42372150
2025-11-06,408.5,412.9,407.45,409.8,65890100
2025-11-07,413.95,414.55,403.9,404.7,33549227
2025-11-10,412,418,410.55,417.25,35794947
2025-11-11,420,426.1,420,422.85,67493203
2025-11-12,420.8,429.4,420.8,429.05,39313072
2025-11-13,430.55,430.65,425.85,427.25,36632795
2025-11-14,418.35,418.35,409.7,413.5,34799102
2025-11-17,412.25,412.95,409.25,410.8,36053201
2025-11-18,396,401.15,395.15,399.8,34964137
2025-11-19,399.05,403.4,394.35,399.6,31094998
2025-11-20,405.8,405.9,397.75,397.75,21960599
2025-11-21,391.85,395.1,389.4,392.2,44762935
2025-11-24,399.1,401.7,397.35,400.6,47510313
2025-11-25,409,413.45,404.55,410,76904301
2025-11-26,412.2,426.55,409.45,422.95,55231292
2025-11-27,422.95,430.9,421.45,429.95,26966929
2025-11-28,430.3,432.35,429,430.25,23628366
2025-12-01,429.4,431.875,426.6,429.75,25230556
2025-12-02,432.149,438.251,429.5,436,29684291
2025-12-03,436.649,436.649,431,433,44068058
2025-12-04,441.45,442.954,435.95,439.2,48021624
2025-12-05,441.75,443.88,434.4,434.4,20292757
2025-12-08,434.45,437,429.8,437,68625536
2025-12-09,438.9,441.35,436.549,440,31546937
2025-12-10,439.2,442.649,435.549,442.25,67159116
2025-12-11,442,448.9,441.4,446.9,24388070
2025-12-12,451.649,454.6,444.35,444.35,40414755
2025-12-15,448.149,456.975,448.149,454.25,25991599
2025-12-16,453,457.5,449.049,450.45,32213422
2025-12-17,456.4,464.1,454.7,458.149,49808915
2025-12-18,457.25,464.549,457.25,463.3,23277854
2025-12-19,467.1,470.25,464.85,468.95,55651367
2025-12-22,469.1,469.6,465.7,467.95,19053174
2025-12-23,468.95,473.149,465.85,471.6,30256669
2025-12-24,471.549,473.039,469.45,469.75,4908878
2025-12-29,471.9,474.195,469,469.25,20672147
2025-12-30,470.25,477.549,468.95,476.8,19330769
2025-12-31,475.6,476,472.25,475.95,5418881
2026-01-02,477.25,482.45,475.7,479.5,20953437
2026-01-05,485.2,489,480.649,486.649,38715300
2026-01-06,486.25,492.95,485.149,488.2,43671273
2026-01-07,486.75,488,478.75,479.549,40250735
2026-01-08,478.9,487.084,476.502,484.7,33129578
2026-01-09,484.2,486.9,481.5,484.9,16503598
2026-01-12,470,476.274,461.049,473.049,32588967
2026-01-13,477.549,481.8,475.3,477.35,42317714
2026-01-14,475.549,482.4,473,479.8,33944846
2026-01-15,484.35,487.35,479.1,484.3,64030157
2026-01-16,485.35,488.95,483.049,488.95,27607986
2026-01-19,479.8,484.35,477.149,483,34834142
2026-01-20,479,482.25,475.35,479.6,108917905
2026-01-21,477,479.649,470,475.6,57152586
2026-01-22,485.25,490,482,485.45,28515315
2026-01-23,484.7,486.75,480,480.3,27617455
2026-01-26,482.9,484,480.234,480.75,18075592
2026-01-27,485.049,491.5,484.049,489.8,34286583
2026-01-28,490.1,491,479.8,479.8,33418557
2026-01-29,483.4,488.4,477.75,479.6,29788023
2026-01-30,483.35,490.45,481.356,486.2,37576953
2026-02-02,481.45,499.665,479.75,499.549,47130277
2026-02-03,501.6,504.3,498,501.6,40282690
2026-02-04,505.8,506.4,483.25,483.25,44992456
2026-02-05,480.85,488.2,466.049,466.45,39097422
2026-02-06,469.6,482.071,467.9,479.1,24556036
2026-02-09,480.75,486.549,468.149,486.549,46398586
2026-02-10,495.149,499.3,471.45,474.4,65869573
2026-02-11,476.75,488.25,474,477.5,45662962
2026-02-12,485,488.1,463.6,463.6,64979878
2026-02-13,465,467.6,444.85,454,62621593
2026-02-16,462.049,466.8,460,461.049,29724887
2026-02-17,462.049,473.95,459.6,473.95,34450657
2026-02-18,475.45,489.7,474.7,486.049,31841948
2026-02-19,483.149,484.238,466.25,467.95,83183935
2026-02-20,475,478.45,470,473.8,41771607
2026-02-23,476.5,481.6,461.2,463,52117956
2026-02-24,461.8,462.049,451.1,459.95,40643463
2026-02-25,462.1,470.35,462.1,470.35,62717186
2026-02-26,469.25,475.049,466.149,472.649,33176881
2026-02-27,454.6,471.35,447.85,452.85,97142602
2026-03-02,436.1,437.376,422.149,437.35,75561153
2026-03-03,425,429.209,412.989,422.549,103520985
2026-03-04,423.3,436.25,418,430.6,115491818
2026-03-05,431.95,437.649,417,417,57741583
2026-03-06,420.85,422.096,400.549,404.149,44439425
2026-03-09,389.7,398.35,382.8,397.4,66734984
2026-03-10,415,419.6,409.8,417.8,68568279
2026-03-11,411.95,416.049,408.45,410.25,75235209
2026-03-12,408.7,409.049,385.274,389.35,87205325
2026-03-13,383.5,391.95,379.75,386.25,74968667
2026-03-16,387,393.35,381.45,388.149,85716014
2026-03-17,389.549,398.6,386.875,393.75,66801654
2026-03-18,397.95,409.608,396.95,399.049,45737621
2026-03-19,390,392.6,375.35,381.6,95797421
2026-03-20,390,391.35,371.35,373.9,124507818
2026-03-23,364.649,507.45,361.35,382.25,219645217
2026-03-24,381.85,385.85,375.6,384.049,102635403
2026-03-25,390.95,398.4,389.149,394.9,74679798
2026-03-26,390.5,391.95,381.25,385.45,43024695
2026-03-27,387.649,387.95,378.1,382.2,120497634
2026-03-30,378,385.8,377.2,384.9,32853733
2026-03-31,384.149,394.023,384,389.45,58283900
